date,state,district,pincode,demo_age_5_17,demo_age_17_
01-07-2025,Karnataka,Bengaluru,560100,182,1440
01-07-2025,Maharashtra,Buldhana,443301,92,849
01-07-2025,Rajasthan,Pali,306504,97,762
01-07-2025,Andhra Pradesh,Ananthapuramu,515865,72,396
01-07-2025,Karnataka,Bengaluru,560097,82,757
01-07-2025,Telangana,Hyderabad,500064,170,1766
01-07-2025,Karnataka,Raichur,584128,301,1345
01-07-2025,Punjab,Sri Muktsar Sahib,152026,143,1074
01-07-2025,Assam,Dhubri,783330,228,1578
01-07-2025,Maharashtra,Chandrapur,442702,42,473
01-07-2025,Maharashtra,Mumbai Suburban,400070,210,1118
01-07-2025,Gujarat,Rajkot,360001,94,1416
01-07-2025,Chhattisgarh,Dhamtari,493663,133,1054
01-07-2025,Punjab,Patiala,147201,137,1187
01-07-2025,West Bengal,Paschim Medinipur,721150,209,1465
01-07-2025,Madhya Pradesh,Damoh,470661,368,1598
01-07-2025,Madhya Pradesh,Bhopal,462010,153,983
01-07-2025,Andhra Pradesh,Annamayya,517325,268,1180
01-07-2025,Karnataka,Haveri,581205,77,307
01-07-2025,Delhi,Shahdara,110093,301,942
01-07-2025,West Bengal,Uttar Dinajpur,733208,317,3658
01-07-2025,West Bengal,Birbhum,731238,126,871
01-07-2025,Tamil Nadu,Tiruppur,641603,277,1159
01-07-2025,Madhya Pradesh,Dhar,454449,268,1118
01-07-2025,Madhya Pradesh,Agar Malwa,465441,99,793
01-07-2025,Gujarat,Surendra Nagar,363310,152,1187
01-07-2025,Andhra Pradesh,Bapatla,522265,56,226
01-07-2025,Chhattisgarh,Janjgir-champa,495692,42,608
01-07-2025,Delhi,South West Delhi,110078,283,1659
01-07-2025,Madhya Pradesh,Satna,485226,169,948
01-07-2025,Karnataka,Kalaburagi,585103,145,555
01-07-2025,Rajasthan,Hanumangarh,335803,135,836
01-07-2025,Uttar Pradesh,Saharanpur,247001,853,10548
01-07-2025,Uttar Pradesh,Muzaffarnagar,251001,461,4255
01-07-2025,West Bengal,South 24 Parganas,743338,356,1883
01-07-2025,Rajasthan,Jaipur,302004,134,1067
01-07-2025,Uttar Pradesh,Unnao,241503,365,3185
01-07-2025,West Bengal,Uttar Dinajpur,733207,368,5370
01-07-2025,West Bengal,South 24 Parganas,743355,198,2998
01-07-2025,Jammu and Kashmir,Pulwama,192123,108,541
01-07-2025,Maharashtra,Thane,400612,799,4745
01-07-2025,Andhra Pradesh,Nandyal,518543,75,296
01-07-2025,Uttar Pradesh,Mathura,281004,346,2328
01-07-2025,Andhra Pradesh,Sri Potti Sriramulu Nellore,524002,107,697
01-07-2025,Madhya Pradesh,Narsinghpur,487118,240,802
01-07-2025,Maharashtra,Nagpur,440034,204,1330
01-07-2025,Maharashtra,Mumbai Suburban,400097,195,1597
01-07-2025,West Bengal,South 24 Parganas,743368,175,2598
01-07-2025,Haryana,Faridabad,121006,112,632
01-07-2025,Chhattisgarh,Raipur,492001,360,2824
01-07-2025,Chhattisgarh,Balod,491223,186,565
01-07-2025,Punjab,Gurdaspur,143532,38,277
01-07-2025,Delhi,South Delhi,110080,80,721
01-07-2025,Andhra Pradesh,Chittoor,517423,59,346
01-07-2025,Chhattisgarh,Khairagarh Chhuikhadan Gandai,491888,177,1446
01-07-2025,Madhya Pradesh,Ujjain,456443,153,699
01-07-2025,Maharashtra,Palghar,401208,277,2609
01-07-2025,Telangana,Mahabubabad,506101,71,764
01-07-2025,Uttar Pradesh,Ghaziabad,201102,747,6572
01-07-2025,Rajasthan,Jaipur,302031,172,1241
01-07-2025,Assam,Hailakandi,788161,76,703
01-07-2025,Maharashtra,Chandrapur,441225,43,338
01-07-2025,Madhya Pradesh,Chhindwara,480441,245,767
01-07-2025,Karnataka,Dharwad,580114,95,179
01-07-2025,Delhi,West Delhi,110027,222,1730
01-07-2025,Madhya Pradesh,Satna,485771,193,798
01-07-2025,Telangana,Jogulamba Gadwal,509125,369,1914
01-07-2025,Maharashtra,Pune,412101,139,1297
01-07-2025,Andhra Pradesh,Chittoor,517415,38,451
01-07-2025,Andhra Pradesh,Visakhapatnam,530044,91,533
01-07-2025,Madhya Pradesh,Shajapur,465337,85,511
01-07-2025,West Bengal,Murshidabad,742213,304,2329
01-07-2025,Delhi,North West Delhi,110081,260,1476
01-07-2025,Madhya Pradesh,Dindori,481879,198,647
01-07-2025,Madhya Pradesh,Mandla,481662,163,558
01-07-2025,Chhattisgarh,Surguja,497111,182,3351
01-07-2025,West Bengal,Dakshin Dinajpur,733132,157,1803
01-07-2025,West Bengal,Bankura,722134,89,628
01-07-2025,Haryana,Ambala,134203,107,578
01-07-2025,Telangana,Nizamabad,503224,99,869
01-07-2025,Madhya Pradesh,Chhatarpur,471311,364,714
01-07-2025,Telangana,Karimnagar,505001,262,1934
01-07-2025,Telangana,Hyderabad,500058,39,364
01-07-2025,Delhi,North West Delhi,110040,592,2080
01-07-2025,Jammu and Kashmir,Kishtwar,182204,76,408
01-07-2025,Uttar Pradesh,Bijnor,246731,348,3205
01-07-2025,Chhattisgarh,Mahasamund,493445,262,1808
01-07-2025,Chhattisgarh,Bilaspur,495224,362,1972
01-07-2025,Uttar Pradesh,Gautam Buddha Nagar,201301,715,6664
01-07-2025,Punjab,Bathinda,151001,245,2726
01-07-2025,Telangana,Hyderabad,500005,306,1889
01-07-2025,Punjab,SAS Nagar (Mohali),140603,207,1917
01-07-2025,Chhattisgarh,Balod,491227,94,866
01-07-2025,Karnataka,Bangalore Rural,562110,106,903
01-07-2025,Maharashtra,Pune,412105,246,1927
01-07-2025,Himachal Pradesh,Sirmaur,173025,83,744
01-07-2025,Haryana,Sonipat,131402,42,373
01-07-2025,Madhya Pradesh,Rajgarh,465667,118,404
01-07-2025,Delhi,North West Delhi,110086,1461,6318
01-07-2025,Madhya Pradesh,Ratlam,457550,222,953
01-07-2025,Andhra Pradesh,Palnadu,522647,71,413
01-07-2025,Chhattisgarh,Bilaspur,495550,114,1116
01-07-2025,Telangana,Warangal Urban,506002,176,1481
01-07-2025,Maharashtra,Thane,421301,369,3152
01-07-2025,Delhi,North West Delhi,110088,140,1086
01-07-2025,Jammu and Kashmir,Budgam,191113,115,339
01-07-2025,Assam,Cachar,788099,34,410
01-07-2025,Madhya Pradesh,Vidisha,464114,224,943
01-07-2025,Delhi,West Delhi,110015,232,1645
01-07-2025,Madhya Pradesh,Damoh,470663,100,372
01-07-2025,Telangana,Sangareddy,502032,368,1994
01-07-2025,Maharashtra,Beed,431122,476,2617
01-07-2025,Maharashtra,Wardha,442001,176,1207
01-07-2025,Tamil Nadu,Tiruvallur,600077,271,1706
01-07-2025,Madhya Pradesh,Anuppur,484881,282,1211
01-07-2025,Uttar Pradesh,Aligarh,202001,1067,11142
01-07-2025,Gujarat,Surat,395010,610,5899
01-07-2025,Jammu and Kashmir,Srinagar,190003,33,362
01-07-2025,Chhattisgarh,Durg,491001,679,2820
01-07-2025,Andhra Pradesh,Sri Potti Sriramulu Nellore,524001,69,353
01-07-2025,Punjab,Ferozepur,142052,27,331
01-07-2025,Maharashtra,Gadchiroli,442606,41,348
01-07-2025,Madhya Pradesh,Khargone,451001,238,1147
01-07-2025,Madhya Pradesh,Dhar,454001,601,2105
01-07-2025,Chhattisgarh,Korba,495445,337,2949
01-07-2025,Jammu and Kashmir,Anantnag,192124,122,647
01-07-2025,Delhi,West Delhi,110059,1346,9576
01-07-2025,Gujarat,Surat,395004,532,4250
01-07-2025,Haryana,Kaithal,136033,68,436
01-07-2025,West Bengal,Puruliya,723129,91,1402
01-07-2025,Andhra Pradesh,Guntur,522001,186,1268
01-07-2025,Chhattisgarh,Korba,495684,100,815
01-07-2025,Haryana,Fatehabad,125053,36,290
01-07-2025,West Bengal,Murshidabad,742202,493,4017
01-07-2025,Gujarat,Surat,394210,850,6249
01-07-2025,Haryana,Bhiwani,127309,29,170
01-07-2025,Telangana,Vikarabad,501141,571,2746
01-07-2025,Delhi,North West Delhi,110042,946,3387
01-07-2025,Gujarat,Ahmedabad,382350,375,2601
01-07-2025,Odisha,Malkangiri,764052,140,1870
01-07-2025,Chhattisgarh,Baloda Bazar,493332,156,1491
01-07-2025,Rajasthan,Barmer,344001,273,1320
01-07-2025,Telangana,Adilabad,504001,212,1521
01-07-2025,Madhya Pradesh,Anuppur,484224,170,606
01-07-2025,Karnataka,Bengaluru,560077,172,1242
01-07-2025,Haryana,Karnal,132114,106,708
01-07-2025,Uttar Pradesh,Bijnor,246701,487,4685
01-07-2025,Punjab,Hoshiarpur,146001,152,1782
01-07-2025,Andhra Pradesh,Visakhapatnam,530026,138,903
01-07-2025,Andhra Pradesh,West Godavari,534211,107,695
01-07-2025,Madhya Pradesh,Sehore,466115,133,422
01-07-2025,Maharashtra,Nandurbar,425409,83,624
01-07-2025,Rajasthan,Sirohi,307022,143,912
01-07-2025,Haryana,Sonipat,131101,104,558
01-07-2025,Haryana,Panchkula,134118,52,357
01-07-2025,Rajasthan,Hanumangarh,335526,84,661
01-07-2025,Haryana,Panchkula,134204,42,288
01-07-2025,Madhya Pradesh,Dewas,455001,391,1944
01-07-2025,Bihar,Kishanganj,855101,391,5533
01-07-2025,Madhya Pradesh,Mandsaur,458888,312,480
01-07-2025,Uttar Pradesh,Bareilly,243123,307,2677
01-07-2025,Punjab,Ferozepur,152022,80,605
01-07-2025,Madhya Pradesh,Vidisha,464228,359,1268
01-07-2025,Uttar Pradesh,Agra,282007,415,3159
01-07-2025,Rajasthan,Jodhpur,342008,100,979
01-07-2025,Karnataka,Bengaluru,560068,241,1865
01-07-2025,Punjab,Hoshiarpur,144205,65,956
01-07-2025,Andhra Pradesh,Chittoor,517432,62,403
01-07-2025,Delhi,South Delhi,110025,344,2233
01-07-2025,Telangana,Hyderabad,500018,188,1223
01-07-2025,Rajasthan,Ajmer,305025,78,380
01-07-2025,Haryana,Hisar,125001,474,3282
01-07-2025,Madhya Pradesh,Singrauli,486889,153,666
01-07-2025,Chandigarh,Chandigarh,160047,258,1373
01-07-2025,Punjab,Fazilka,152116,177,2043
01-07-2025,Madhya Pradesh,Sheopur,476339,205,789
01-07-2025,Gujarat,Surat,395006,404,4420
01-07-2025,Rajasthan,Bikaner,334001,401,3016
01-07-2025,Tamil Nadu,Krishnagiri,635001,254,1017
01-07-2025,Chhattisgarh,Bilaspur,495220,115,744
01-07-2025,Gujarat,Narmada,393145,158,761
01-07-2025,Jammu and Kashmir,Srinagar,190002,59,780
01-07-2025,Madhya Pradesh,Singrauli,486881,289,1077
01-07-2025,Karnataka,Dakshina Kannada,574199,42,273
01-07-2025,Madhya Pradesh,Sehore,466001,173,922
01-07-2025,Telangana,K.v. Rangareddy,500019,155,835
01-07-2025,West Bengal,Uttar Dinajpur,733134,373,4887
01-07-2025,Haryana,Palwal,121107,98,762
01-07-2025,West Bengal,Malda,732123,300,2320
01-07-2025,Andhra Pradesh,Krishna,521301,101,847
01-07-2025,Madhya Pradesh,Indore,453001,180,1023
01-07-2025,Rajasthan,Bikaner,334004,81,497
01-07-2025,Uttar Pradesh,Moradabad,244001,1398,14732
01-07-2025,Uttar Pradesh,Kanpur Nagar,208001,528,5600
01-07-2025,Madhya Pradesh,Mandsaur,458002,196,826
01-07-2025,Rajasthan,Jaipur,302003,172,1427
01-07-2025,Rajasthan,Jhalawar,326037,186,828
01-07-2025,Karnataka,Davangere,577601,91,536
01-07-2025,Madhya Pradesh,Balaghat,481335,89,368
01-07-2025,Delhi,West Delhi,110041,1467,4529
01-07-2025,Madhya Pradesh,Balaghat,481226,131,539
01-07-2025,Telangana,Vikarabad,501158,35,247
01-07-2025,Chhattisgarh,Mungeli,495334,220,3087
01-07-2025,Jammu and Kashmir,Budgam,191112,34,84
01-07-2025,Rajasthan,Jaipur,302039,123,1067
01-07-2025,Andhra Pradesh,West Godavari,534275,116,856
01-07-2025,Karnataka,Bidar,585227,73,410
01-07-2025,Punjab,Bathinda,151201,47,661
01-07-2025,Haryana,Jhajjar,124507,323,2222
01-07-2025,Karnataka,Ramanagar,562159,102,1087
01-07-2025,Chhattisgarh,Dhamtari,493778,187,1443
01-07-2025,Andhra Pradesh,West Godavari,534101,86,734
01-07-2025,Chandigarh,Chandigarh,160101,333,1226
01-07-2025,Uttar Pradesh,Ghaziabad,201001,490,4418
01-07-2025,Assam,Marigaon,782411,105,1023
01-07-2025,Chhattisgarh,Dhamtari,493773,225,1786
01-07-2025,Jammu and Kashmir,Kupwara,193223,179,1063
01-07-2025,Assam,Barpeta,781308,292,1711
01-07-2025,Assam,Goalpara,783101,167,1166
01-07-2025,Rajasthan,Bharatpur,321001,393,2314
01-07-2025,Tamil Nadu,Tiruvallur,600095,133,978
01-07-2025,Madhya Pradesh,Neemuch,458220,74,294
01-07-2025,Rajasthan,Dholpur,328026,203,661
01-07-2025,Madhya Pradesh,Bhopal,462420,58,506
01-07-2025,Rajasthan,Udaipur,313011,89,640
01-07-2025,Andhra Pradesh,Kurnool,518463,92,542
01-07-2025,Karnataka,Kalaburagi,585104,225,1042
01-07-2025,Delhi,North Delhi,110006,245,1925
01-07-2025,Madhya Pradesh,Shivpuri,473770,130,773
01-07-2025,Delhi,Shahdara,110032,375,2004
01-07-2025,Karnataka,Bengaluru,560049,135,1164
01-07-2025,Karnataka,Chamrajanagar,571313,50,253
01-07-2025,Delhi,North West Delhi,110035,143,1093
01-07-2025,Punjab,Ferozepur,152028,14,178
01-07-2025,Madhya Pradesh,Balaghat,481445,125,493
01-07-2025,Jammu and Kashmir,Ganderbal,191202,41,357
01-07-2025,Haryana,Sirsa,125102,73,529
01-07-2025,Delhi,South West Delhi,110043,546,3259
01-07-2025,Punjab,Pathankot,145023,71,513
01-07-2025,Andhra Pradesh,Kurnool,518468,44,254
01-07-2025,Maharashtra,Pune,411048,308,2082
01-07-2025,Haryana,Mewat,122104,109,971
01-07-2025,Madhya Pradesh,Ratlam,457114,393,1109
01-07-2025,West Bengal,Uttar Dinajpur,733156,184,2330
01-07-2025,Maharashtra,Mumbai Suburban,400068,140,1439
01-07-2025,Andhra Pradesh,Guntur,522201,135,1068
01-07-2025,Rajasthan,Sirohi,307001,98,622
01-07-2025,Chhattisgarh,Surguja,497001,348,3637
01-07-2025,Madhya Pradesh,Chhindwara,480557,80,269
01-07-2025,Punjab,Gurdaspur,143518,67,596
01-07-2025,Haryana,Fatehabad,125050,167,1179
01-07-2025,Madhya Pradesh,Mandla,481885,220,631
01-07-2025,Rajasthan,Rajsamand,313324,166,1135
01-07-2025,Haryana,Gurgaon,122101,149,1033
01-07-2025,Andhra Pradesh,Cuddapah,516001,68,763
01-07-2025,Tamil Nadu,Virudhunagar,626130,83,566
01-07-2025,Tamil Nadu,Tiruvallur,600053,197,1882
01-07-2025,Madhya Pradesh,Mandsaur,458001,156,800
01-07-2025,Andhra Pradesh,Prakasam,523327,116,526
01-07-2025,Punjab,Ferozepur,142044,46,501
01-07-2025,Madhya Pradesh,Tikamgarh,472001,494,1331
01-07-2025,West Bengal,Hooghly,712404,98,913
01-07-2025,Uttarakhand,Udham Singh Nagar,262401,173,1267
01-07-2025,Jammu and Kashmir,Punch,185111,163,694
01-07-2025,Karnataka,Bengaluru,560064,195,1736
01-07-2025,Odisha,Kandhamal,762011,165,780
01-07-2025,Chhattisgarh,Korba,495449,234,1671
01-07-2025,Madhya Pradesh,Jabalpur,482051,54,396
01-07-2025,Maharashtra,Solapur,413401,112,1266
01-07-2025,Assam,Cachar,788101,60,609
01-07-2025,Rajasthan,Dholpur,328027,146,829
01-07-2025,Karnataka,Chitradurga,577501,129,922
01-07-2025,Punjab,Fatehgarh Sahib,140406,74,1010
01-07-2025,Uttarakhand,Nainital,263139,557,3946
01-07-2025,Delhi,East Delhi,110031,396,1771
01-07-2025,Andhra Pradesh,Kurnool,518360,328,1561
01-07-2025,Karnataka,Haveri,581111,58,326
01-07-2025,Madhya Pradesh,Indore,452007,97,683
01-07-2025,West Bengal,Murshidabad,742223,128,1044
01-07-2025,Assam,Kamrup,781136,166,1375
01-07-2025,Delhi,North West Delhi,110033,398,2412
01-07-2025,Rajasthan,Alwar,301405,136,899
01-07-2025,Andhra Pradesh,Sri Sathya Sai,515201,162,620
01-07-2025,Jammu and Kashmir,Kathua,184204,26,399
01-07-2025,Uttar Pradesh,Meerut,250001,522,5382
01-07-2025,Delhi,North West Delhi,110036,243,1054
01-07-2025,Telangana,K.v. Rangareddy,501218,98,680
01-07-2025,Rajasthan,Baran,325205,199,1432
01-07-2025,Madhya Pradesh,Ashok Nagar,473331,289,1437
01-07-2025,Karnataka,Kolar,563101,237,1680
01-07-2025,West Bengal,Puruliya,723212,68,515
01-07-2025,Haryana,Mewat,122107,197,1272
01-07-2025,Haryana,Mewat,122508,299,2479
01-07-2025,West Bengal,South 24 Parganas,743503,165,2040
01-07-2025,Rajasthan,Sawai Madhopur,322001,114,1079
01-07-2025,Delhi,East Delhi,110092,815,5159
01-07-2025,Delhi,Shahdara,110095,476,1164
01-07-2025,Madhya Pradesh,Ratlam,457226,235,796
01-07-2025,Karnataka,Chitradurga,577540,45,267
01-07-2025,Haryana,Gurgaon,122017,167,1172
01-07-2025,Delhi,North West Delhi,110034,459,2513
01-07-2025,Punjab,Mansa,151505,118,1200
01-07-2025,Haryana,Jhajjar,124103,108,808
01-07-2025,Uttarakhand,Udham Singh Nagar,244713,402,2974
01-07-2025,Chhattisgarh,Durg,490023,215,896
01-07-2025,Odisha,Kandhamal,762002,159,1094
01-07-2025,Punjab,Faridkot,151203,92,1429
01-07-2025,Madhya Pradesh,Singrauli,486886,830,2743
01-07-2025,Assam,Bongaigaon,783388,89,682
01-07-2025,Andhra Pradesh,Tirupati,517507,112,494
01-07-2025,Rajasthan,Dausa,303303,194,926
01-07-2025,Delhi,West Delhi,110063,232,1331
01-07-2025,Haryana,Gurgaon,122004,139,1150
01-07-2025,Telangana,K.v. Rangareddy,500089,174,1217
01-07-2025,Jammu and Kashmir,Kishtwar,182205,92,347
01-07-2025,Rajasthan,Barmer,344033,185,1112
01-07-2025,Haryana,Bhiwani,127031,30,139
01-07-2025,Madhya Pradesh,Indore,453441,259,1453
01-07-2025,Madhya Pradesh,Umaria,484661,546,1995
01-07-2025,Uttar Pradesh,Bijnor,246725,346,3744
01-07-2025,Rajasthan,Tonk,304001,451,2307
01-07-2025,Maharashtra,Mumbai Suburban,400104,109,1355
01-07-2025,Chandigarh,Chandigarh,160019,129,455
01-07-2025,Madhya Pradesh,Sehore,466651,42,137
01-07-2025,Chhattisgarh,Bilaspur,495113,121,993
01-07-2025,Uttar Pradesh,Firozabad,283203,1336,13408
01-07-2025,Uttar Pradesh,Amroha,244221,447,4364
01-07-2025,Chhattisgarh,Bilaspur,495001,419,3460
01-07-2025,Telangana,Jangoan,506167,51,652
01-07-2025,Madhya Pradesh,Barwani,451551,472,2471
01-07-2025,Chhattisgarh,Baloda Bazar,493228,154,1203
01-07-2025,Haryana,Fatehabad,125111,90,446
01-07-2025,Andhra Pradesh,Tirupati,517501,281,1573
01-07-2025,Madhya Pradesh,Morena,476001,821,3708
01-07-2025,Punjab,Amritsar,143001,684,7070
01-07-2025,Maharashtra,Raigad,410210,128,1015
01-07-2025,Jammu and Kashmir,Budgam,191111,132,539
01-07-2025,Gujarat,Morbi,363641,223,1217
01-07-2025,Uttar Pradesh,Gautam Buddha Nagar,201304,203,1658
01-07-2025,West Bengal,Uttar Dinajpur,733215,227,2508
01-07-2025,Madhya Pradesh,Sagar,470339,184,681
01-07-2025,Andhra Pradesh,N. T. R,520012,80,708
01-07-2025,Maharashtra,Pune,411057,150,1325
01-07-2025,Madhya Pradesh,Dewas,455227,395,2386
01-07-2025,Haryana,Karnal,132041,28,250
01-07-2025,Chhattisgarh,Narayanpur,494661,491,4422
01-07-2025,Karnataka,Vijayanagara,583201,58,460
01-07-2025,Andhra Pradesh,Kurnool,518001,191,1291
01-07-2025,Chhattisgarh,Surguja,497101,288,3031
01-07-2025,Maharashtra,Pune,411033,269,1913
01-07-2025,Rajasthan,Jaipur,303007,41,355
01-07-2025,Punjab,Hoshiarpur,144306,21,404
01-07-2025,Punjab,Ludhiana,141008,207,2582
01-07-2025,Haryana,Mewat,122108,122,1095
01-07-2025,Chhattisgarh,Baloda Bazar,493118,283,2660
01-07-2025,Rajasthan,Bharatpur,321024,169,1178
01-07-2025,Delhi,North East Delhi,110094,1883,7078
01-07-2025,Andhra Pradesh,Kurnool,518003,260,1217
01-07-2025,Haryana,Gurgaon,122002,104,1052
01-07-2025,Rajasthan,Jaisalmer,345001,232,1520
01-07-2025,Madhya Pradesh,Vidisha,464001,315,1288
01-07-2025,Maharashtra,Gadchiroli,442710,38,487
01-07-2025,Punjab,Hoshiarpur,144211,51,603
01-07-2025,Punjab,Moga,142043,47,415
01-07-2025,Maharashtra,Thane,421306,284,2101
01-07-2025,Delhi,South West Delhi,110046,173,1248
01-07-2025,Rajasthan,Kota,324008,144,688
01-07-2025,Maharashtra,Mumbai Suburban,400072,199,1435
01-07-2025,Andhra Pradesh,Nandyal,518401,89,337
01-07-2025,Uttar Pradesh,Gautam Buddha Nagar,201310,182,2106
01-07-2025,Madhya Pradesh,Vidisha,464224,178,476
01-07-2025,Haryana,Hisar,125033,159,1346
01-07-2025,Puducherry,Puducherry,605008,73,519
01-07-2025,Madhya Pradesh,Indore,452003,117,667
01-07-2025,Delhi,South West Delhi,110045,454,3273
01-07-2025,Madhya Pradesh,Indore,452016,313,2375
01-07-2025,Odisha,Balangir,767025,155,953
01-07-2025,Karnataka,Bengaluru,560099,129,789
01-07-2025,Madhya Pradesh,Indore,452011,80,585
01-07-2025,Punjab,Moga,142001,101,1290
01-07-2025,Karnataka,Ballari,583101,227,805
01-07-2025,Rajasthan,Jodhpur,342025,99,753
01-07-2025,Maharashtra,Jalgaon,425201,128,1008
01-07-2025,Andhra Pradesh,Dr. B. R. Ambedkar Konaseema,533201,28,203
01-07-2025,Madhya Pradesh,Katni,483501,712,2455
01-07-2025,West Bengal,South 24 Parganas,743312,180,1161
01-07-2025,Telangana,Hyderabad,500053,373,2667
01-07-2025,West Bengal,Birbhum,731221,164,1244
01-07-2025,Maharashtra,Latur,413512,333,2426
01-07-2025,Gujarat,Ahmedabad,380051,100,1093
01-07-2025,Uttar Pradesh,Lucknow,226002,279,2769
01-07-2025,Assam,Dhubri,783334,179,1320
01-07-2025,Delhi,East Delhi,110095,95,787
01-07-2025,Rajasthan,Bharatpur,321204,239,1682
01-07-2025,Rajasthan,Barmer,344704,168,968
01-07-2025,Madhya Pradesh,Anuppur,484440,104,289
01-07-2025,Madhya Pradesh,Dhar,454552,383,1518
01-07-2025,Rajasthan,Pali,306401,165,1236
01-07-2025,Telangana,Sangareddy,502220,111,468
01-07-2025,West Bengal,Uttar Dinajpur,733201,264,2523
01-07-2025,Uttarakhand,Udham Singh Nagar,263152,88,712
01-07-2025,Punjab,Patiala,147101,209,1455
01-07-2025,West Bengal,Murshidabad,742303,132,1360
01-07-2025,Delhi,East Delhi,110091,476,3095
01-07-2025,Telangana,Siddipet,502278,66,519
01-07-2025,Punjab,Gurdaspur,143512,64,383
01-07-2025,Maharashtra,Nashik,422003,261,1723
01-07-2025,Madhya Pradesh,Panna,488058,211,717
01-07-2025,Madhya Pradesh,Sagar,470113,92,635
01-07-2025,Telangana,Medchal-malkajgiri,500090,331,1981
01-07-2025,Madhya Pradesh,Ashok Nagar,473446,198,716
01-07-2025,Gujarat,Gandhinagar,382421,152,1279
01-07-2025,Andaman and Nicobar Islands,North And Middle Andaman,744202,20,199
01-07-2025,Telangana,K.v. Rangareddy,509216,194,993
01-07-2025,Haryana,Bhiwani,127046,67,383
01-07-2025,Andhra Pradesh,Nandyal,518222,99,330
01-07-2025,Madhya Pradesh,Chhindwara,480221,114,450
01-07-2025,Madhya Pradesh,Chhindwara,480001,434,1665
01-07-2025,Maharashtra,Nandurbar,425413,81,616
01-07-2025,Assam,Nagaon,782120,63,708
01-07-2025,Karnataka,Bengaluru,560058,110,612
01-07-2025,Chhattisgarh,Mungeli,495115,260,3875
01-07-2025,Punjab,Fazilka,152123,127,1228
01-07-2025,West Bengal,Purba Bardhaman,713101,49,393
01-07-2025,Maharashtra,Pune,411062,238,1332
01-07-2025,Delhi,South Delhi,110017,135,1464
01-07-2025,Rajasthan,Nagaur,341509,85,474
01-07-2025,Madhya Pradesh,Chhindwara,480551,229,672
01-07-2025,Punjab,Gurdaspur,143519,150,784
01-07-2025,Madhya Pradesh,Sagar,470235,160,700
01-07-2025,Haryana,Fatehabad,125051,124,1273
01-07-2025,Karnataka,Ramanagar,562138,59,586
01-07-2025,Rajasthan,Jaipur,302012,476,4182
01-07-2025,Madhya Pradesh,Gwalior,475110,243,1528
01-07-2025,Andhra Pradesh,West Godavari,534201,99,763
01-07-2025,Madhya Pradesh,Dindori,481672,97,409
01-07-2025,Madhya Pradesh,Raisen,464668,131,529
01-07-2025,Telangana,Hyderabad,500024,76,578
01-07-2025,Gujarat,Surat,395005,215,1788
01-07-2025,Madhya Pradesh,Seoni,480994,111,562
01-07-2025,Haryana,Jind,126112,73,570
01-07-2025,Uttar Pradesh,Bara Banki,225001,196,1461
01-07-2025,Rajasthan,Pratapgarh,312619,182,617
01-07-2025,Madhya Pradesh,Jabalpur,483225,231,829
01-07-2025,Rajasthan,Jaipur,302002,210,1661
01-07-2025,Madhya Pradesh,Sheopur,476332,394,1743
01-07-2025,Haryana,Panipat,132101,101,677
01-07-2025,Madhya Pradesh,Ratlam,457118,245,936
01-07-2025,Tamil Nadu,Kancheepuram,601301,92,624
01-07-2025,Rajasthan,Ajmer,305202,31,224
01-07-2025,Madhya Pradesh,Chhindwara,480115,260,781
01-07-2025,Telangana,Hyderabad,500028,221,1663
01-07-2025,Haryana,Yamuna Nagar,133103,45,360
01-07-2025,Madhya Pradesh,Chhatarpur,471405,359,1039
01-07-2025,Tamil Nadu,Virudhunagar,626117,120,928
01-07-2025,Karnataka,Hassan,573201,148,937
01-07-2025,Chhattisgarh,Raipur,493225,151,1270
01-07-2025,Karnataka,Kolar,563162,62,251
01-07-2025,Chandigarh,Chandigarh,160014,243,1007
01-07-2025,Maharashtra,Pune,411028,229,1869
01-07-2025,Haryana,Yamuna Nagar,135021,35,367
01-07-2025,Punjab,Malerkotla,148023,202,2207
01-07-2025,Andhra Pradesh,Parvathipuram Manyam,535591,35,155
01-07-2025,Madhya Pradesh,Khandwa,450001,359,1092
01-07-2025,Madhya Pradesh,Morena,476115,409,1820
01-07-2025,Madhya Pradesh,Indore,452002,300,1658
01-07-2025,Madhya Pradesh,Mandsaur,458667,227,535
01-07-2025,Punjab,Gurdaspur,143526,68,348
01-07-2025,Chhattisgarh,Mungeli,495335,86,1208
01-07-2025,Madhya Pradesh,Satna,485001,364,1693
01-07-2025,Karnataka,Bengaluru,560026,178,819
01-07-2025,Maharashtra,Dhule,424001,198,1378
01-07-2025,Jammu and Kashmir,Bandipore,193502,261,1137
01-07-2025,Maharashtra,Chatrapati Sambhaji Nagar,431001,146,1026
01-07-2025,Uttarakhand,Udham Singh Nagar,263153,433,2415
01-07-2025,Madhya Pradesh,Betul,460443,111,221
01-07-2025,Andhra Pradesh,Y. S. R,516001,123,596
01-07-2025,Maharashtra,Gadchiroli,442707,38,306
01-07-2025,Andhra Pradesh,Ananthapuramu,515004,123,574
01-07-2025,Delhi,East Delhi,110051,283,2073
01-07-2025,Assam,Bongaigaon,783384,189,1824
01-07-2025,Punjab,Amritsar,143105,90,1310
01-07-2025,Maharashtra,Mumbai Suburban,400095,165,1445
01-07-2025,Jammu and Kashmir,Ganderbal,191202,41,357
01-07-2025,Haryana,Sirsa,125102,73,529
01-07-2025,Delhi,South West Delhi,110043,546,3259
01-07-2025,Punjab,Pathankot,145023,71,513
01-07-2025,Andhra Pradesh,Kurnool,518468,44,254
01-07-2025,Maharashtra,Pune,411048,308,2082
01-07-2025,Haryana,Mewat,122104,109,971
01-07-2025,Madhya Pradesh,Ratlam,457114,393,1109
01-07-2025,West Bengal,Uttar Dinajpur,733156,184,2330
01-07-2025,Maharashtra,Mumbai Suburban,400068,140,1439
01-07-2025,Andhra Pradesh,Guntur,522201,135,1068
01-07-2025,Rajasthan,Sirohi,307001,98,622
01-07-2025,Chhattisgarh,Surguja,497001,348,3637
01-07-2025,Madhya Pradesh,Chhindwara,480557,80,269
01-07-2025,Punjab,Gurdaspur,143518,67,596
01-07-2025,Haryana,Fatehabad,125050,167,1179
01-07-2025,Madhya Pradesh,Mandla,481885,220,631
01-07-2025,Rajasthan,Rajsamand,313324,166,1135
01-07-2025,Haryana,Gurgaon,122101,149,1033
01-07-2025,Andhra Pradesh,Cuddapah,516001,68,763
01-07-2025,Tamil Nadu,Virudhunagar,626130,83,566
01-07-2025,Tamil Nadu,Tiruvallur,600053,197,1882
01-07-2025,Madhya Pradesh,Mandsaur,458001,156,800
01-07-2025,Andhra Pradesh,Prakasam,523327,116,526
01-07-2025,Punjab,Ferozepur,142044,46,501
01-07-2025,Madhya Pradesh,Tikamgarh,472001,494,1331
01-07-2025,West Bengal,Hooghly,712404,98,913
01-07-2025,Uttarakhand,Udham Singh Nagar,262401,173,1267
01-07-2025,Jammu and Kashmir,Punch,185111,163,694
01-07-2025,Karnataka,Bengaluru,560064,195,1736
01-07-2025,Odisha,Kandhamal,762011,165,780
01-07-2025,Chhattisgarh,Korba,495449,234,1671
01-07-2025,Madhya Pradesh,Jabalpur,482051,54,396
01-07-2025,Maharashtra,Solapur,413401,112,1266
01-07-2025,Assam,Cachar,788101,60,609
01-07-2025,Rajasthan,Dholpur,328027,146,829
01-07-2025,Karnataka,Chitradurga,577501,129,922
01-07-2025,Punjab,Fatehgarh Sahib,140406,74,1010
01-07-2025,Uttarakhand,Nainital,263139,557,3946
01-07-2025,Delhi,East Delhi,110031,396,1771
01-07-2025,Andhra Pradesh,Kurnool,518360,328,1561
01-07-2025,Karnataka,Haveri,581111,58,326
01-07-2025,Madhya Pradesh,Indore,452007,97,683
01-07-2025,West Bengal,Murshidabad,742223,128,1044
01-07-2025,Assam,Kamrup,781136,166,1375
01-07-2025,Delhi,North West Delhi,110033,398,2412
01-07-2025,Rajasthan,Alwar,301405,136,899
01-07-2025,Andhra Pradesh,Sri Sathya Sai,515201,162,620
01-07-2025,Jammu and Kashmir,Kathua,184204,26,399
01-07-2025,Uttar Pradesh,Meerut,250001,522,5382
01-07-2025,Delhi,North West Delhi,110036,243,1054
01-07-2025,Telangana,K.v. Rangareddy,501218,98,680
01-07-2025,Rajasthan,Baran,325205,199,1432
01-07-2025,Madhya Pradesh,Ashok Nagar,473331,289,1437
01-07-2025,Karnataka,Kolar,563101,237,1680
01-07-2025,West Bengal,Puruliya,723212,68,515
01-07-2025,Haryana,Mewat,122107,197,1272
01-07-2025,Haryana,Mewat,122508,299,2479
01-07-2025,West Bengal,South 24 Parganas,743503,165,2040
01-07-2025,Rajasthan,Sawai Madhopur,322001,114,1079
01-07-2025,Delhi,East Delhi,110092,815,5159
01-07-2025,Delhi,Shahdara,110095,476,1164
01-07-2025,Madhya Pradesh,Ratlam,457226,235,796
01-07-2025,Karnataka,Chitradurga,577540,45,267
01-07-2025,Haryana,Gurgaon,122017,167,1172
01-07-2025,Delhi,North West Delhi,110034,459,2513
01-07-2025,Punjab,Mansa,151505,118,1200
01-07-2025,Haryana,Jhajjar,124103,108,808
01-07-2025,Uttarakhand,Udham Singh Nagar,244713,402,2974
01-07-2025,Chhattisgarh,Durg,490023,215,896
01-07-2025,Odisha,Kandhamal,762002,159,1094
01-07-2025,Punjab,Faridkot,151203,92,1429
01-07-2025,Madhya Pradesh,Singrauli,486886,830,2743
01-07-2025,Assam,Bongaigaon,783388,89,682
01-07-2025,Andhra Pradesh,Tirupati,517507,112,494
01-07-2025,Rajasthan,Dausa,303303,194,926
01-07-2025,Delhi,West Delhi,110063,232,1331
01-07-2025,Haryana,Gurgaon,122004,139,1150
01-07-2025,Telangana,K.v. Rangareddy,500089,174,1217
01-07-2025,Jammu and Kashmir,Kishtwar,182205,92,347
01-07-2025,Rajasthan,Barmer,344033,185,1112
01-07-2025,Haryana,Bhiwani,127031,30,139
01-07-2025,Madhya Pradesh,Indore,453441,259,1453
01-07-2025,Madhya Pradesh,Umaria,484661,546,1995
01-07-2025,Uttar Pradesh,Bijnor,246725,346,3744
01-07-2025,Rajasthan,Tonk,304001,451,2307
01-07-2025,Maharashtra,Mumbai Suburban,400104,109,1355
01-07-2025,Chandigarh,Chandigarh,160019,129,455
01-07-2025,Madhya Pradesh,Sehore,466651,42,137
01-07-2025,Chhattisgarh,Bilaspur,495113,121,993
01-07-2025,Uttar Pradesh,Firozabad,283203,1336,13408
01-07-2025,Uttar Pradesh,Amroha,244221,447,4364
01-07-2025,Chhattisgarh,Bilaspur,495001,419,3460
01-07-2025,Telangana,Jangoan,506167,51,652
01-07-2025,Madhya Pradesh,Barwani,451551,472,2471
01-07-2025,Chhattisgarh,Baloda Bazar,493228,154,1203
01-07-2025,Haryana,Fatehabad,125111,90,446
01-07-2025,Andhra Pradesh,Tirupati,517501,281,1573
01-07-2025,Madhya Pradesh,Morena,476001,821,3708
01-07-2025,Punjab,Amritsar,143001,684,7070
01-07-2025,Maharashtra,Raigad,410210,128,1015
01-07-2025,Jammu and Kashmir,Budgam,191111,132,539
01-07-2025,Gujarat,Morbi,363641,223,1217
01-07-2025,Uttar Pradesh,Gautam Buddha Nagar,201304,203,1658
01-07-2025,West Bengal,Uttar Dinajpur,733215,227,2508
01-07-2025,Madhya Pradesh,Sagar,470339,184,681
01-07-2025,Andhra Pradesh,N. T. R,520012,80,708
01-07-2025,Maharashtra,Pune,411057,150,1325
01-07-2025,Madhya Pradesh,Dewas,455227,395,2386
01-07-2025,Haryana,Karnal,132041,28,250
01-07-2025,Chhattisgarh,Narayanpur,494661,491,4422
01-07-2025,Karnataka,Vijayanagara,583201,58,460
01-07-2025,Andhra Pradesh,Kurnool,518001,191,1291
01-07-2025,Chhattisgarh,Surguja,497101,288,3031
01-07-2025,Maharashtra,Pune,411033,269,1913
01-07-2025,Rajasthan,Jaipur,303007,41,355
01-07-2025,Punjab,Hoshiarpur,144306,21,404
01-07-2025,Punjab,Ludhiana,141008,207,2582
01-07-2025,Haryana,Mewat,122108,122,1095
01-07-2025,Chhattisgarh,Baloda Bazar,493118,283,2660
01-07-2025,Rajasthan,Bharatpur,321024,169,1178
01-07-2025,Delhi,North East Delhi,110094,1883,7078
01-07-2025,Andhra Pradesh,Kurnool,518003,260,1217
01-07-2025,Haryana,Gurgaon,122002,104,1052
01-07-2025,Rajasthan,Jaisalmer,345001,232,1520
01-07-2025,Madhya Pradesh,Vidisha,464001,315,1288
01-07-2025,Maharashtra,Gadchiroli,442710,38,487
01-07-2025,Punjab,Hoshiarpur,144211,51,603
01-07-2025,Punjab,Moga,142043,47,415
01-07-2025,Maharashtra,Thane,421306,284,2101
01-07-2025,Delhi,South West Delhi,110046,173,1248
01-07-2025,Rajasthan,Kota,324008,144,688
01-07-2025,Maharashtra,Mumbai Suburban,400072,199,1435
01-07-2025,Andhra Pradesh,Nandyal,518401,89,337
01-07-2025,Uttar Pradesh,Gautam Buddha Nagar,201310,182,2106
01-07-2025,Madhya Pradesh,Vidisha,464224,178,476
01-07-2025,Haryana,Hisar,125033,159,1346
01-07-2025,Puducherry,Puducherry,605008,73,519
01-07-2025,Madhya Pradesh,Indore,452003,117,667
01-07-2025,Delhi,South West Delhi,110045,454,3273
01-07-2025,Madhya Pradesh,Indore,452016,313,2375
01-07-2025,Odisha,Balangir,767025,155,953
01-07-2025,Karnataka,Bengaluru,560099,129,789
01-07-2025,Madhya Pradesh,Indore,452011,80,585
01-07-2025,Punjab,Moga,142001,101,1290
01-07-2025,Karnataka,Ballari,583101,227,805
01-07-2025,Rajasthan,Jodhpur,342025,99,753
01-07-2025,Maharashtra,Jalgaon,425201,128,1008
01-07-2025,Andhra Pradesh,Dr. B. R. Ambedkar Konaseema,533201,28,203
01-07-2025,Madhya Pradesh,Katni,483501,712,2455
01-07-2025,West Bengal,South 24 Parganas,743312,180,1161
01-07-2025,Telangana,Hyderabad,500053,373,2667
01-07-2025,West Bengal,Birbhum,731221,164,1244
01-07-2025,Maharashtra,Latur,413512,333,2426
01-07-2025,Gujarat,Ahmedabad,380051,100,1093
01-07-2025,Uttar Pradesh,Lucknow,226002,279,2769
01-07-2025,Assam,Dhubri,783334,179,1320
01-07-2025,Delhi,East Delhi,110095,95,787
01-07-2025,Rajasthan,Bharatpur,321204,239,1682
01-07-2025,Rajasthan,Barmer,344704,168,968
01-07-2025,Madhya Pradesh,Anuppur,484440,104,289
01-07-2025,Madhya Pradesh,Dhar,454552,383,1518
01-07-2025,Rajasthan,Pali,306401,165,1236
01-07-2025,Telangana,Sangareddy,502220,111,468
01-07-2025,West Bengal,Uttar Dinajpur,733201,264,2523
01-07-2025,Uttarakhand,Udham Singh Nagar,263152,88,712
01-07-2025,Punjab,Patiala,147101,209,1455
01-07-2025,West Bengal,Murshidabad,742303,132,1360
01-07-2025,Delhi,East Delhi,110091,476,3095
01-07-2025,Telangana,Siddipet,502278,66,519
01-07-2025,Punjab,Gurdaspur,143512,64,383
01-07-2025,Maharashtra,Nashik,422003,261,1723
01-07-2025,Madhya Pradesh,Panna,488058,211,717
01-07-2025,Madhya Pradesh,Sagar,470113,92,635
01-07-2025,Telangana,Medchal-malkajgiri,500090,331,1981
01-07-2025,Madhya Pradesh,Ashok Nagar,473446,198,716
01-07-2025,Gujarat,Gandhinagar,382421,152,1279
01-07-2025,Andaman and Nicobar Islands,North And Middle Andaman,744202,20,199
01-07-2025,Telangana,K.v. Rangareddy,509216,194,993
01-07-2025,Haryana,Bhiwani,127046,67,383
01-07-2025,Andhra Pradesh,Nandyal,518222,99,330
01-07-2025,Madhya Pradesh,Chhindwara,480221,114,450
01-07-2025,Madhya Pradesh,Chhindwara,480001,434,1665
01-07-2025,Maharashtra,Nandurbar,425413,81,616
01-07-2025,Assam,Nagaon,782120,63,708
01-07-2025,Karnataka,Bengaluru,560058,110,612
01-07-2025,Chhattisgarh,Mungeli,495115,260,3875
01-07-2025,Punjab,Fazilka,152123,127,1228
01-07-2025,West Bengal,Purba Bardhaman,713101,49,393
01-07-2025,Maharashtra,Pune,411062,238,1332
01-07-2025,Delhi,South Delhi,110017,135,1464
01-07-2025,Rajasthan,Nagaur,341509,85,474
01-07-2025,Madhya Pradesh,Chhindwara,480551,229,672
01-07-2025,Punjab,Gurdaspur,143519,150,784
01-07-2025,Madhya Pradesh,Sagar,470235,160,700
01-07-2025,Haryana,Fatehabad,125051,124,1273
01-07-2025,Karnataka,Ramanagar,562138,59,586
01-07-2025,Rajasthan,Jaipur,302012,476,4182
01-07-2025,Madhya Pradesh,Gwalior,475110,243,1528
01-07-2025,Andhra Pradesh,West Godavari,534201,99,763
01-07-2025,Madhya Pradesh,Dindori,481672,97,409
01-07-2025,Madhya Pradesh,Raisen,464668,131,529
01-07-2025,Telangana,Hyderabad,500024,76,578
01-07-2025,Gujarat,Surat,395005,215,1788
01-07-2025,Madhya Pradesh,Seoni,480994,111,562
01-07-2025,Haryana,Jind,126112,73,570
01-07-2025,Uttar Pradesh,Bara Banki,225001,196,1461
01-07-2025,Rajasthan,Pratapgarh,312619,182,617
01-07-2025,Madhya Pradesh,Jabalpur,483225,231,829
01-07-2025,Rajasthan,Jaipur,302002,210,1661
01-07-2025,Madhya Pradesh,Sheopur,476332,394,1743
01-07-2025,Haryana,Panipat,132101,101,677
01-07-2025,Madhya Pradesh,Ratlam,457118,245,936
01-07-2025,Tamil Nadu,Kancheepuram,601301,92,624
01-07-2025,Rajasthan,Ajmer,305202,31,224
01-07-2025,Madhya Pradesh,Chhindwara,480115,260,781
01-07-2025,Telangana,Hyderabad,500028,221,1663
01-07-2025,Haryana,Yamuna Nagar,133103,45,360
01-07-2025,Madhya Pradesh,Chhatarpur,471405,359,1039
01-07-2025,Tamil Nadu,Virudhunagar,626117,120,928
01-07-2025,Karnataka,Hassan,573201,148,937
01-07-2025,Chhattisgarh,Raipur,493225,151,1270
01-07-2025,Karnataka,Kolar,563162,62,251
01-07-2025,Chandigarh,Chandigarh,160014,243,1007
01-07-2025,Maharashtra,Pune,411028,229,1869
01-07-2025,Haryana,Yamuna Nagar,135021,35,367
01-07-2025,Punjab,Malerkotla,148023,202,2207
01-07-2025,Andhra Pradesh,Parvathipuram Manyam,535591,35,155
01-07-2025,Madhya Pradesh,Khandwa,450001,359,1092
01-07-2025,Madhya Pradesh,Morena,476115,409,1820
01-07-2025,Madhya Pradesh,Indore,452002,300,1658
01-07-2025,Madhya Pradesh,Mandsaur,458667,227,535
01-07-2025,Punjab,Gurdaspur,143526,68,348
01-07-2025,Chhattisgarh,Mungeli,495335,86,1208
01-07-2025,Madhya Pradesh,Satna,485001,364,1693
01-07-2025,Karnataka,Bengaluru,560026,178,819
01-07-2025,Maharashtra,Dhule,424001,198,1378
01-07-2025,Jammu and Kashmir,Bandipore,193502,261,1137
01-07-2025,Maharashtra,Chatrapati Sambhaji Nagar,431001,146,1026
01-07-2025,Uttarakhand,Udham Singh Nagar,263153,433,2415
01-07-2025,Madhya Pradesh,Betul,460443,111,221
01-07-2025,Andhra Pradesh,Y. S. R,516001,123,596
01-07-2025,Maharashtra,Gadchiroli,442707,38,306
01-07-2025,Andhra Pradesh,Ananthapuramu,515004,123,574
01-07-2025,Delhi,East Delhi,110051,283,2073
01-07-2025,Assam,Bongaigaon,783384,189,1824
01-07-2025,Punjab,Amritsar,143105,90,1310
01-07-2025,Maharashtra,Mumbai Suburban,400095,165,1445
01-07-2025,Madhya Pradesh,Guna,473101,173,852
01-07-2025,Punjab,Hoshiarpur,144221,54,377
01-07-2025,Madhya Pradesh,Bhopal,462023,151,1006
01-07-2025,Karnataka,Bengaluru,560091,209,1363
01-07-2025,Madhya Pradesh,Sagar,470002,247,1523
01-07-2025,Chandigarh,Chandigarh,160025,101,349
01-07-2025,Madhya Pradesh,Narmadapuram,461001,40,266
01-07-2025,Madhya Pradesh,Balaghat,481331,118,528
01-07-2025,Maharashtra,Mumbai City,400008,89,593
01-07-2025,Gujarat,Rajkot,360002,167,2100
01-07-2025,Punjab,Gurdaspur,143505,315,2673
01-07-2025,Karnataka,Haveri,581115,157,880
01-07-2025,Madhya Pradesh,Harda,461331,115,523
01-07-2025,Telangana,Khammam,507002,136,886
01-07-2025,Andhra Pradesh,Y. S. R,516003,79,478
01-07-2025,Punjab,Gurdaspur,143521,175,1240
01-07-2025,Karnataka,Dharwad,580024,187,1070
01-07-2025,Assam,Barpeta,781316,88,805
01-07-2025,Tamil Nadu,Kancheepuram,600122,193,1370
01-07-2025,Haryana,Yamuna Nagar,133204,20,199
01-07-2025,Haryana,Panchkula,134112,50,302
01-07-2025,Madhya Pradesh,Chhindwara,480334,111,542
01-07-2025,Haryana,Rewari,123101,56,358
01-07-2025,Haryana,Sonipat,131302,17,166
01-07-2025,Madhya Pradesh,Ratlam,457001,713,3503
01-07-2025,Uttar Pradesh,Rampur,244924,348,3349
01-07-2025,Uttar Pradesh,Shamli,247776,368,2860
01-07-2025,Uttar Pradesh,Rampur,244901,795,9762
01-07-2025,Maharashtra,Mumbai Suburban,400043,464,2034
01-07-2025,West Bengal,Hooghly,712616,31,434
01-07-2025,Haryana,Rohtak,124113,19,112
01-07-2025,Gujarat,Morbi,363621,211,1106
01-07-2025,Karnataka,Tumakuru,572102,49,293
01-07-2025,Haryana,Kurukshetra,136135,129,729
01-07-2025,Punjab,Patiala,147001,537,4464
01-07-2025,Madhya Pradesh,Betul,460110,179,398
01-07-2025,Haryana,Karnal,132024,27,230
01-07-2025,Telangana,Hyderabad,500001,138,893
01-07-2025,Karnataka,Bidar,585401,118,684
01-07-2025,Karnataka,Raichur,584122,209,709
01-07-2025,Madhya Pradesh,Seoni,480887,167,692
01-07-2025,Chhattisgarh,Janjgir-champa,495687,113,898
01-07-2025,Madhya Pradesh,Damoh,470880,283,1138
01-07-2025,Rajasthan,Kota,324001,172,1050
01-07-2025,Chhattisgarh,Raipur,493116,47,485
01-07-2025,Karnataka,Dharwad,580001,130,629
01-07-2025,Delhi,South Delhi,110019,282,2305
01-07-2025,Maharashtra,Mumbai Suburban,400067,195,1763
01-07-2025,Maharashtra,Gadchiroli,441209,91,447
01-07-2025,Andhra Pradesh,Guntur,522006,127,932
01-07-2025,Punjab,Hoshiarpur,144527,46,355
01-07-2025,Maharashtra,Nagpur,441104,36,346
01-07-2025,Telangana,Suryapet,508246,125,954
01-07-2025,Andhra Pradesh,West Godavari,534235,49,532
01-07-2025,Maharashtra,Nagpur,440027,79,660
01-07-2025,Chhattisgarh,Bastar,494001,331,2365
01-07-2025,Punjab,Fazilka,152024,105,1335
01-07-2025,Punjab,Rupnagar,140101,29,443
01-07-2025,Madhya Pradesh,Damoh,470666,113,352
01-07-2025,Assam,Hojai,782446,203,1511
01-07-2025,Madhya Pradesh,Indore,452001,476,2948
01-07-2025,Andhra Pradesh,Y. S. R,516360,146,895
01-07-2025,Karnataka,Bangalore Rural,561203,241,1341
01-07-2025,Madhya Pradesh,Narsinghpur,487001,155,676
01-07-2025,Madhya Pradesh,Seoni,480886,110,575
01-07-2025,Madhya Pradesh,Barwani,451666,1079,3009
01-07-2025,Uttar Pradesh,Prayagraj,221503,130,752
01-07-2025,Punjab,Gurdaspur,143531,115,714
01-07-2025,Haryana,Rohtak,124112,61,282
01-07-2025,Andhra Pradesh,Chittoor,517247,208,1139
01-07-2025,Puducherry,Puducherry,605007,51,363
01-07-2025,Rajasthan,Dholpur,328001,308,1326
01-07-2025,Uttar Pradesh,Gautam Buddha Nagar,201306,391,3425
01-07-2025,Rajasthan,Jhalawar,326001,150,724
01-07-2025,Telangana,Hyderabad,500013,258,1655
01-07-2025,West Bengal,Murshidabad,742133,162,1527
01-07-2025,Uttar Pradesh,Bulandshahr,203001,582,5169
01-07-2025,Telangana,K.v. Rangareddy,509325,171,1086
01-07-2025,Uttarakhand,Pauri Garhwal,246149,206,1420
01-07-2025,Madhya Pradesh,Dindori,481990,246,699
01-07-2025,Madhya Pradesh,Rajgarh,465669,142,509
01-07-2025,Andhra Pradesh,Ananthapuramu,515761,54,241
01-07-2025,Madhya Pradesh,Dhar,454446,581,2258
01-07-2025,Chhattisgarh,Korba,495674,348,3541
01-07-2025,Haryana,Hisar,125039,64,590
01-07-2025,Assam,Goalpara,783129,287,1712
01-07-2025,Telangana,Nalgonda,508001,189,1460
01-07-2025,Madhya Pradesh,Satna,485881,373,656
01-07-2025,Andhra Pradesh,Ananthapuramu,515801,96,426
01-07-2025,Gujarat,Surat,395009,244,2590
01-07-2025,Madhya Pradesh,Betul,460220,324,632
01-07-2025,Gujarat,Gandhinagar,382721,260,2296
01-07-2025,Karnataka,Bengaluru,560066,134,975
01-07-2025,Uttar Pradesh,Lucknow,226003,356,4488
01-07-2025,West Bengal,Uttar Dinajpur,733130,52,697
01-07-2025,Uttar Pradesh,Kushinagar,274304,1084,7068
01-07-2025,Telangana,Kamareddy,503111,89,705
01-07-2025,Karnataka,Hassan,573211,116,628
01-07-2025,Haryana,Panchkula,133302,95,347
01-07-2025,Haryana,Panipat,132103,1013,5451
01-07-2025,Punjab,Jalandhar,144002,134,1268
01-07-2025,Gujarat,Ahmedabad,382330,250,2357
01-07-2025,Jammu and Kashmir,Srinagar,190006,42,400
01-07-2025,Gujarat,Surat,395007,274,2221
01-07-2025,Andhra Pradesh,Nandyal,518124,41,235
01-07-2025,Madhya Pradesh,Morena,476111,663,2063
01-07-2025,Madhya Pradesh,Betul,460449,100,322
01-07-2025,Gujarat,Kachchh,370001,241,2548
01-07-2025,West Bengal,Murshidabad,742304,159,1984
01-07-2025,Karnataka,Haveri,581116,132,667
01-07-2025,West Bengal,Murshidabad,742135,391,2750
01-07-2025,Chhattisgarh,Janjgir-champa,495668,234,2510
01-07-2025,Uttar Pradesh,Kaushambi,212217,551,3283
01-07-2025,Uttar Pradesh,Pilibhit,262122,748,7971
01-07-2025,Madhya Pradesh,Vidisha,464331,259,502
01-07-2025,Madhya Pradesh,Seoni,480667,167,630
01-07-2025,Chhattisgarh,Jashpur,496224,141,2049
01-07-2025,Chhattisgarh,Surguja,497114,64,926
01-07-2025,Punjab,Rupnagar,140108,19,209
01-07-2025,Madhya Pradesh,Indore,453771,154,1015
01-07-2025,Telangana,Medchal-malkajgiri,500055,416,1965
01-07-2025,Andhra Pradesh,Vizianagaram,535591,67,651
01-07-2025,Karnataka,Ramanagar,562160,119,723
01-07-2025,Chhattisgarh,Raigarh,496661,149,1053
01-07-2025,Karnataka,Yadgir,585202,165,576
01-07-2025,Assam,Barpeta,781319,105,1003
01-07-2025,Jammu and Kashmir,Pulwama,192121,27,226
01-07-2025,Uttar Pradesh,Bareilly,243001,452,4097
01-07-2025,Assam,Goalpara,783120,88,555
01-07-2025,Haryana,Gurgaon,122505,148,1092
01-07-2025,Punjab,Ferozepur,152002,127,1459
01-07-2025,Andhra Pradesh,West Godavari,534202,48,417
01-07-2025,Telangana,Yadadri.,508252,185,1330
01-07-2025,Haryana,Yamuna Nagar,135003,162,1055
01-07-2025,Madhya Pradesh,Sagar,470227,128,691
01-07-2025,Uttar Pradesh,Gautam Buddha Nagar,201318,63,472
01-07-2025,Haryana,Palwal,121102,445,2854
01-07-2025,Madhya Pradesh,Sagar,470004,120,649
01-07-2025,Madhya Pradesh,Chhindwara,480224,203,650
01-07-2025,Uttar Pradesh,Bareilly,243122,297,2381
01-07-2025,Karnataka,Bengaluru,560023,81,405
01-07-2025,West Bengal,Murshidabad,742163,92,942
01-07-2025,Madhya Pradesh,Rajgarh,465697,144,488
01-07-2025,Uttar Pradesh,Lucknow,226016,146,1669
01-07-2025,Uttarakhand,Udham Singh Nagar,244712,188,1525
01-07-2025,Maharashtra,Gadchiroli,442603,26,222
01-07-2025,Gujarat,Kachchh,370465,142,781
01-07-2025,Haryana,Palwal,121103,240,1943
01-07-2025,Chandigarh,Chandigarh,160036,262,1538
01-07-2025,Punjab,Rupnagar,140126,35,315
01-07-2025,Karnataka,Ballari,583102,101,433
01-07-2025,Punjab,SAS Nagar (Mohali),140301,213,2305
01-07-2025,Rajasthan,Kota,324009,135,681
01-07-2025,Andhra Pradesh,Kakinada,533005,118,676
01-07-2025,Madhya Pradesh,Indore,452009,195,1354
01-07-2025,Andhra Pradesh,Anakapalli,531055,42,236
01-07-2025,Delhi,North Delhi,110084,598,3868
01-07-2025,Jammu and Kashmir,Kupwara,193222,228,1500
01-07-2025,West Bengal,Uttar Dinajpur,733202,459,6242
01-07-2025,Assam,South Salmara Mankachar,783135,150,2465
01-07-2025,West Bengal,Murshidabad,742166,141,1184
01-07-2025,Chhattisgarh,Mahasamund,493449,364,2968
01-07-2025,Telangana,Mahabubnagar,509001,359,2088
01-07-2025,Haryana,Jind,126152,24,266
01-07-2025,Madhya Pradesh,Seoni,480661,588,2065
01-07-2025,Chhattisgarh,Balrampur,497224,108,2319
01-07-2025,Madhya Pradesh,Bhind,477001,625,2383
01-07-2025,Assam,Bongaigaon,783383,40,374
01-07-2025,Uttar Pradesh,Gautam Buddha Nagar,203207,347,3025
01-07-2025,Andhra Pradesh,Bapatla,523157,52,335
01-07-2025,Telangana,K.v. Rangareddy,500048,217,1232
01-07-2025,Chhattisgarh,Bilaspur,495442,125,991
01-07-2025,Telangana,Kamareddy,503187,74,389
01-07-2025,Uttar Pradesh,Ghaziabad,201002,196,1786
01-07-2025,Andhra Pradesh,Annamayya,517214,89,363
01-07-2025,Telangana,K.v. Rangareddy,500049,286,1424
01-07-2025,Punjab,Tarn Taran,143416,58,1003
01-07-2025,Madhya Pradesh,Shivpuri,473551,435,2446
01-07-2025,Rajasthan,Hanumangarh,335512,95,1110
01-07-2025,Andhra Pradesh,Ananthapuramu,515001,241,1101
01-07-2025,Telangana,Medchal-malkajgiri,500018,199,1053
01-07-2025,Telangana,Hyderabad,500065,56,362
01-07-2025,Andhra Pradesh,Srikakulam,532185,96,664
01-07-2025,Madhya Pradesh,Guna,473001,399,2989
01-07-2025,Gujarat,Rajkot,360004,268,2315
01-07-2025,Karnataka,Koppal,583238,136,520
01-07-2025,Madhya Pradesh,Shahdol,484110,211,944
01-07-2025,West Bengal,Paschim Medinipur,721437,97,1130
01-07-2025,Andhra Pradesh,Y. S. R,516227,37,200
01-07-2025,Karnataka,Raichur,584143,113,346
01-07-2025,Andhra Pradesh,Chittoor,517425,351,1817
01-07-2025,Delhi,South Delhi,110047,99,573
01-07-2025,Madhya Pradesh,Ujjain,456006,343,2092
01-07-2025,Andhra Pradesh,Annamayya,516269,111,511
01-07-2025,Madhya Pradesh,Tikamgarh,472221,366,1126
01-07-2025,Andhra Pradesh,Srikakulam,532001,114,811
01-07-2025,Madhya Pradesh,Jabalpur,482008,52,368
01-07-2025,West Bengal,Bankura,722141,77,754
01-07-2025,Madhya Pradesh,Panna,488001,190,968
01-07-2025,Uttar Pradesh,Bijnor,246733,323,2799
01-07-2025,West Bengal,Malda,732125,488,3631
01-07-2025,Chhattisgarh,Rajnandgaon,491661,124,925
01-07-2025,Madhya Pradesh,Satna,485221,136,558
01-07-2025,West Bengal,South 24 Parganas,743347,185,994
01-07-2025,West Bengal,South 24 Parganas,743502,269,2916
01-07-2025,Chhattisgarh,Rajnandgaon,491445,172,681
01-07-2025,Karnataka,Chitradurga,577522,149,867
01-07-2025,Rajasthan,Churu,331022,214,1220
01-07-2025,Mizoram,Champhai,796321,41,389
01-07-2025,Chhattisgarh,Balod,491226,122,1178
01-07-2025,Karnataka,Bengaluru,560079,90,569
01-07-2025,Haryana,Faridabad,121001,496,3489
01-07-2025,Assam,Nagaon,782124,312,2440
01-07-2025,Haryana,Faridabad,121002,395,2482
01-07-2025,Jammu and Kashmir,Punch,185121,171,745
01-07-2025,Telangana,Medchal-malkajgiri,500083,143,686
01-07-2025,Maharashtra,Mumbai Suburban,400101,176,1481
01-07-2025,Rajasthan,Sikar,332001,241,1810
01-07-2025,Haryana,Hisar,125121,80,705
01-07-2025,Madhya Pradesh,Balaghat,481105,115,569
01-07-2025,Karnataka,Shivamogga,577427,94,341
01-07-2025,West Bengal,Murshidabad,742224,217,1698
01-07-2025,Haryana,Yamuna Nagar,135001,416,2518
01-07-2025,Madhya Pradesh,Bhopal,462003,127,924
01-07-2025,Tamil Nadu,Erode,638004,115,865
01-07-2025,Madhya Pradesh,Balaghat,481556,16,149
01-07-2025,Haryana,Gurgaon,122018,104,818
01-07-2025,Andhra Pradesh,Annamayya,517297,30,128
01-07-2025,Karnataka,Bengaluru,562125,120,792
01-07-2025,Madhya Pradesh,Mandla,481668,171,382
01-07-2025,Andhra Pradesh,Chittoor,517424,135,719
01-07-2025,Karnataka,Belagavi,590016,106,692
01-07-2025,Maharashtra,Nanded,431601,143,781
01-07-2025,Tamil Nadu,Virudhunagar,626001,178,1234
01-07-2025,Delhi,North West Delhi,110009,116,1175
01-07-2025,West Bengal,Purba Medinipur,721631,166,1117
01-07-2025,West Bengal,Cooch Behar,736167,147,1096
01-07-2025,Punjab,Bathinda,151401,51,731
01-07-2025,Madhya Pradesh,Raisen,464884,65,297
01-07-2025,Madhya Pradesh,Burhanpur,450331,439,1587
01-07-2025,West Bengal,South 24 Parganas,743337,183,1570
01-07-2025,Maharashtra,Pune,411045,63,845
01-07-2025,Rajasthan,Bharatpur,321022,222,1480
01-07-2025,Rajasthan,Hanumangarh,335063,52,706
01-07-2025,Andhra Pradesh,Srikakulam,532312,177,926
01-07-2025,West Bengal,Dakshin Dinajpur,733121,132,1594
01-07-2025,Madhya Pradesh,Datia,475661,652,2765
01-07-2025,Maharashtra,Pune,413102,115,1162
01-07-2025,West Bengal,Purba Bardhaman,713143,81,500
01-07-2025,Chhattisgarh,Kabeerdham,491995,326,2027
01-07-2025,Punjab,Ferozepur,142060,17,157
01-07-2025,Haryana,Rohtak,124412,15,67
01-07-2025,Karnataka,Bengaluru,560087,122,737
01-07-2025,Punjab,Gurdaspur,143605,23,242
01-07-2025,West Bengal,Birbhum,731220,145,780
01-07-2025,Haryana,Karnal,132054,44,191
01-07-2025,Haryana,Panchkula,134109,131,705
01-07-2025,Haryana,Hisar,125052,93,647
01-07-2025,Madhya Pradesh,Seoni,480991,70,294
01-07-2025,Rajasthan,Hanumangarh,335523,306,1613
01-07-2025,Madhya Pradesh,Neemuch,458330,90,367
01-07-2025,Madhya Pradesh,Neemuch,458110,225,761
01-07-2025,Madhya Pradesh,Dindori,481778,162,480
01-07-2025,Madhya Pradesh,Jabalpur,483336,106,632
01-07-2025,Delhi,North West Delhi,110082,129,382
01-07-2025,Haryana,Gurgaon,122001,780,5915
01-07-2025,Telangana,Jogulamba Gadwal,509127,96,575
01-07-2025,Haryana,Yamuna Nagar,135101,74,611
01-07-2025,Delhi,South Delhi,110044,807,4008
01-07-2025,Rajasthan,Hanumangarh,335524,274,1693
01-07-2025,Punjab,Tarn Taran,143401,75,1540
01-07-2025,Telangana,Nizamabad,503212,63,396
01-07-2025,Madhya Pradesh,Balaghat,481115,172,780
01-07-2025,Maharashtra,Amravati,444601,233,1092
01-07-2025,Andhra Pradesh,N. T. R,520015,105,680
01-07-2025,Haryana,Charkhi Dadri,127306,144,747
01-07-2025,West Bengal,South 24 Parganas,743375,105,1803
01-07-2025,Telangana,Hyderabad,500045,129,861
01-07-2025,Haryana,Sonipat,131001,402,2720
01-07-2025,Haryana,Mahendragarh,123001,212,1577
01-07-2025,Maharashtra,Thane,421204,181,1551
01-07-2025,Chhattisgarh,Balod,491222,111,622
01-07-2025,Jammu and Kashmir,Punch,185101,153,998
01-07-2025,Andhra Pradesh,Palnadu,522413,72,396
01-07-2025,West Bengal,Paschim Medinipur,721505,64,481
01-07-2025,Chhattisgarh,Raigarh,496116,125,1400
01-07-2025,Maharashtra,Chandrapur,442908,74,658
01-07-2025,Haryana,Yamuna Nagar,135133,72,378
01-07-2025,Maharashtra,Nashik,423102,60,544
01-07-2025,Delhi,North West Delhi,110052,275,2202
01-07-2025,Haryana,Sonipat,131021,55,274
01-07-2025,Rajasthan,Kota,324002,131,945
01-07-2025,Punjab,Patiala,140401,164,1510
01-07-2025,Telangana,Hyderabad,500034,95,696
01-07-2025,Madhya Pradesh,Jabalpur,482001,448,3077
01-07-2025,Punjab,Ludhiana,141001,186,2411
01-07-2025,Haryana,Jind,126116,189,1260
01-07-2025,Madhya Pradesh,Rajgarh,465683,166,359
01-07-2025,Madhya Pradesh,Indore,452010,405,2632
01-07-2025,Maharashtra,Thane,400606,106,855
01-07-2025,Bihar,Darbhanga,847203,237,2356
01-07-2025,Gujarat,Patan,385360,124,1009
01-07-2025,Chhattisgarh,Durg,490006,130,802
01-07-2025,Madhya Pradesh,Bhopal,462001,287,1966
01-07-2025,Rajasthan,Alwar,301001,544,3580
01-07-2025,Rajasthan,Tonk,304804,51,333
01-07-2025,Rajasthan,Jaipur,302029,232,1685
01-07-2025,Madhya Pradesh,Mandla,481661,313,1127
01-07-2025,Delhi,West Delhi,110018,463,3751
01-07-2025,Rajasthan,Ajmer,305001,433,3098
01-07-2025,Haryana,Faridabad,121004,920,6056
01-07-2025,Chhattisgarh,Balod,491228,206,1452
01-07-2025,Madhya Pradesh,Raisen,462046,167,551
01-07-2025,Karnataka,Shivamogga,577201,81,397
01-07-2025,Delhi,North Delhi,110007,139,1401
01-07-2025,Jammu and Kashmir,Srinagar,190015,38,466
01-07-2025,Maharashtra,Nashik,423203,423,2540
01-07-2025,Uttar Pradesh,Ghaziabad,201009,292,2476
01-07-2025,Madhya Pradesh,Neemuch,458118,41,291
01-07-2025,Delhi,South Delhi,110076,140,1200
01-07-2025,Punjab,Ludhiana,141003,173,1956
01-07-2025,Haryana,Sonipat,131023,58,360
01-07-2025,Karnataka,Kalaburagi,585228,82,270
01-07-2025,Chhattisgarh,Raipur,493441,164,976
01-07-2025,Haryana,Karnal,132116,54,402
01-07-2025,West Bengal,Murshidabad,742136,138,1270
01-07-2025,Telangana,K.v. Rangareddy,500052,234,1197
01-07-2025,Madhya Pradesh,Sagar,470001,298,1460
01-07-2025,Maharashtra,Thane,401107,416,4242
01-07-2025,Haryana,Rohtak,124514,27,198
01-07-2025,Andhra Pradesh,Palnadu,522616,93,480
01-07-2025,Chhattisgarh,Bilaspur,495559,31,370
01-07-2025,Andhra Pradesh,Chittoor,517408,173,992
01-07-2025,Maharashtra,Nagpur,440035,177,909
01-07-2025,Andhra Pradesh,Kakinada,533401,39,225
01-07-2025,Rajasthan,Churu,331304,111,691
01-07-2025,Karnataka,Vijayapura,586101,160,605
01-07-2025,Andhra Pradesh,Visakhapatnam,530001,88,651
01-07-2025,Rajasthan,Pratapgarh,312605,325,1666
01-07-2025,Punjab,Ferozepur,152004,33,418
01-07-2025,Andhra Pradesh,Kurnool,518301,252,1511
01-07-2025,Madhya Pradesh,Dindori,481880,263,1037
01-07-2025,West Bengal,Puruliya,723202,120,1163
01-07-2025,Haryana,Kurukshetra,136132,66,451
01-07-2025,Karnataka,Hassan,573102,76,345
01-07-2025,Tamil Nadu,Krishnagiri,635109,375,2259
01-07-2025,Telangana,Sangareddy,502319,209,825
01-07-2025,Delhi,South West Delhi,110077,309,1652
01-07-2025,Madhya Pradesh,Shivpuri,473775,222,1097
01-07-2025,Chhattisgarh,Raipur,493111,116,645
01-07-2025,West Bengal,South 24 Parganas,743349,203,1504
01-07-2025,Rajasthan,Sirohi,307026,186,1246
01-07-2025,West Bengal,South 24 Parganas,743376,180,1692
01-07-2025,Madhya Pradesh,Mandla,481995,282,802
01-07-2025,Rajasthan,Chittorgarh,312001,172,883
01-07-2025,Delhi,East Delhi,110096,1177,3485
01-07-2025,Haryana,Mewat,122105,168,1092
01-07-2025,Andhra Pradesh,Nandyal,518501,183,745
01-07-2025,Haryana,Palwal,121106,247,1416
01-07-2025,Jammu and Kashmir,Pulwama,192301,182,1274
01-07-2025,Jammu and Kashmir,Anantnag,192126,46,244
01-07-2025,Madhya Pradesh,Damoh,470664,103,519
01-07-2025,Karnataka,Haveri,581110,205,717
01-07-2025,Punjab,Amritsar,143111,12,250
01-07-2025,Maharashtra,Yavatmal,445001,73,818
01-07-2025,Haryana,Sirsa,125055,260,2428
01-07-2025,Maharashtra,Gadchiroli,442605,44,282
01-07-2025,Maharashtra,Thane,421302,593,5638
01-07-2025,Rajasthan,Bundi,323803,114,496
01-07-2025,Madhya Pradesh,Ujjain,456001,289,1196
01-07-2025,Madhya Pradesh,Chhindwara,480107,129,426
01-07-2025,Andhra Pradesh,Guntur,522501,101,839
01-07-2025,Madhya Pradesh,Rewa,486117,200,561
01-07-2025,Haryana,Kaithal,136027,343,1968
01-07-2025,Telangana,Hyderabad,500008,349,2445
01-07-2025,Jammu and Kashmir,Anantnag,192202,182,922
01-07-2025,Telangana,Nizamabad,503185,136,848
01-07-2025,Delhi,North West Delhi,110039,434,1294
01-07-2025,Gujarat,Ahmedabad,382345,208,1424
01-07-2025,Madhya Pradesh,Mandsaur,458664,112,462
01-07-2025,Haryana,Jind,126115,79,611
01-07-2025,Andhra Pradesh,Kurnool,518380,109,506
01-07-2025,Andhra Pradesh,Nandyal,518422,74,297
01-07-2025,Chhattisgarh,Mahasamund,493551,143,1371
01-07-2025,West Bengal,Murshidabad,742148,349,3125
01-07-2025,Chandigarh,Chandigarh,160055,32,190
01-07-2025,Haryana,Faridabad,121101,99,595
01-07-2025,Madhya Pradesh,Jabalpur,482003,225,1569
01-07-2025,Maharashtra,Pune,411014,209,1558
01-07-2025,Rajasthan,Baran,325217,147,971
01-07-2025,Madhya Pradesh,Shahdol,484774,423,1255
01-07-2025,Rajasthan,Jaipur,302017,196,1511
01-07-2025,Madhya Pradesh,Burhanpur,450332,180,527
01-07-2025,West Bengal,South 24 Parganas,743329,433,3511
01-07-2025,Rajasthan,Churu,331001,142,1058
01-07-2025,Jammu and Kashmir,Budgam,193411,145,350
01-07-2025,Haryana,Fatehabad,125120,104,615
01-07-2025,Uttar Pradesh,Shahjahanpur,242001,1196,11243
01-07-2025,Karnataka,Bengaluru,560036,172,1040
01-07-2025,Rajasthan,Ajmer,305901,288,1818
01-07-2025,Assam,Dhubri,783324,109,794
01-07-2025,Madhya Pradesh,Balaghat,481001,203,1259
01-07-2025,Chhattisgarh,Jashpur,496225,262,1243
01-07-2025,Telangana,K.v. Rangareddy,500084,103,996
01-07-2025,Rajasthan,Ganganagar,335804,174,1141
01-07-2025,Jammu and Kashmir,Srinagar,190017,38,383
01-07-2025,Delhi,North West Delhi,110085,613,4013
01-07-2025,Haryana,Gurgaon,122006,84,617
01-07-2025,Maharashtra,Kolhapur,416001,107,626
01-07-2025,Haryana,Panchkula,134116,136,524
01-07-2025,Gujarat,Vadodara,390019,236,2371
01-07-2025,Haryana,Bhiwani,127111,23,181
01-07-2025,Maharashtra,Amravati,444702,79,612
01-07-2025,Andhra Pradesh,Kurnool,518313,191,840
01-07-2025,Haryana,Kurukshetra,136128,64,510
01-07-2025,Uttar Pradesh,Bijnor,246722,214,2077
01-07-2025,Delhi,South West Delhi,110075,142,1155
01-07-2025,Rajasthan,Jodhpur,342027,97,758
01-07-2025,Karnataka,Haveri,581106,104,422
01-07-2025,Madhya Pradesh,Rajgarh,465680,61,179
01-07-2025,Madhya Pradesh,Shivpuri,473885,128,667
01-07-2025,Rajasthan,Rajsamand,313331,167,923
01-07-2025,Andhra Pradesh,East Godavari,533101,212,1861
01-07-2025,Haryana,Faridabad,121005,289,1920
01-07-2025,Madhya Pradesh,Ashok Nagar,473335,253,1009
01-07-2025,Andhra Pradesh,Ananthapuramu,515701,46,218
01-07-2025,Rajasthan,Barmer,344022,155,918
01-07-2025,Chhattisgarh,Mohla-Manpur-Ambagarh Chouki,491668,667,2692
01-07-2025,Madhya Pradesh,Rewa,486445,181,574
01-07-2025,Madhya Pradesh,Neemuch,458441,335,1740
01-07-2025,Gujarat,Rajkot,360007,88,1188
01-07-2025,Haryana,Panchkula,134102,169,701
01-07-2025,Uttarakhand,Dehradun,248001,451,5131
01-07-2025,Rajasthan,Churu,331023,159,1088
01-07-2025,Rajasthan,Jodhpur,342022,44,558
01-07-2025,Chhattisgarh,Balrampur,497118,278,2880
01-07-2025,Madhya Pradesh,Gwalior,474001,521,2581
01-07-2025,Rajasthan,Pratapgarh,313611,143,1032
01-07-2025,Rajasthan,Jhalawar,326512,157,637
01-07-2025,Haryana,Yamuna Nagar,135102,59,617
01-07-2025,Jammu and Kashmir,Kathua,184143,26,288
01-07-2025,Rajasthan,Sirohi,307801,114,605
01-07-2025,Rajasthan,Jodhpur,342001,327,3336
01-07-2025,Jammu and Kashmir,Baramula,193121,80,686
01-07-2025,Telangana,Mahabubnagar,509382,116,945
01-07-2025,Madhya Pradesh,Guna,473101,173,852
01-07-2025,Punjab,Hoshiarpur,144221,54,377
01-07-2025,Madhya Pradesh,Bhopal,462023,151,1006
01-07-2025,Karnataka,Bengaluru,560091,209,1363
01-07-2025,Madhya Pradesh,Sagar,470002,247,1523
01-07-2025,Chandigarh,Chandigarh,160025,101,349
01-07-2025,Madhya Pradesh,Narmadapuram,461001,40,266
01-07-2025,Madhya Pradesh,Balaghat,481331,118,528
01-07-2025,Maharashtra,Mumbai City,400008,89,593
01-07-2025,Gujarat,Rajkot,360002,167,2100
01-07-2025,Punjab,Gurdaspur,143505,315,2673
01-07-2025,Karnataka,Haveri,581115,157,880
01-07-2025,Madhya Pradesh,Harda,461331,115,523
01-07-2025,Telangana,Khammam,507002,136,886
01-07-2025,Andhra Pradesh,Y. S. R,516003,79,478
01-07-2025,Punjab,Gurdaspur,143521,175,1240
01-07-2025,Karnataka,Dharwad,580024,187,1070
01-07-2025,Assam,Barpeta,781316,88,805
01-07-2025,Tamil Nadu,Kancheepuram,600122,193,1370
01-07-2025,Haryana,Yamuna Nagar,133204,20,199
01-07-2025,Haryana,Panchkula,134112,50,302
01-07-2025,Madhya Pradesh,Chhindwara,480334,111,542
01-07-2025,Haryana,Rewari,123101,56,358
01-07-2025,Haryana,Sonipat,131302,17,166
01-07-2025,Madhya Pradesh,Ratlam,457001,713,3503
01-07-2025,Uttar Pradesh,Rampur,244924,348,3349
01-07-2025,Uttar Pradesh,Shamli,247776,368,2860
01-07-2025,Uttar Pradesh,Rampur,244901,795,9762
01-07-2025,Maharashtra,Mumbai Suburban,400043,464,2034
01-07-2025,West Bengal,Hooghly,712616,31,434
01-07-2025,Haryana,Rohtak,124113,19,112
01-07-2025,Gujarat,Morbi,363621,211,1106
01-07-2025,Karnataka,Tumakuru,572102,49,293
01-07-2025,Haryana,Kurukshetra,136135,129,729
01-07-2025,Punjab,Patiala,147001,537,4464
01-07-2025,Madhya Pradesh,Betul,460110,179,398
01-07-2025,Haryana,Karnal,132024,27,230
01-07-2025,Telangana,Hyderabad,500001,138,893
01-07-2025,Karnataka,Bidar,585401,118,684
01-07-2025,Karnataka,Raichur,584122,209,709
01-07-2025,Madhya Pradesh,Seoni,480887,167,692
01-07-2025,Chhattisgarh,Janjgir-champa,495687,113,898
01-07-2025,Madhya Pradesh,Damoh,470880,283,1138
01-07-2025,Rajasthan,Kota,324001,172,1050
01-07-2025,Chhattisgarh,Raipur,493116,47,485
01-07-2025,Karnataka,Dharwad,580001,130,629
01-07-2025,Delhi,South Delhi,110019,282,2305
01-07-2025,Maharashtra,Mumbai Suburban,400067,195,1763
01-07-2025,Maharashtra,Gadchiroli,441209,91,447
01-07-2025,Andhra Pradesh,Guntur,522006,127,932
01-07-2025,Punjab,Hoshiarpur,144527,46,355
01-07-2025,Maharashtra,Nagpur,441104,36,346
01-07-2025,Telangana,Suryapet,508246,125,954
01-07-2025,Andhra Pradesh,West Godavari,534235,49,532
01-07-2025,Maharashtra,Nagpur,440027,79,660
01-07-2025,Chhattisgarh,Bastar,494001,331,2365
01-07-2025,Punjab,Fazilka,152024,105,1335
01-07-2025,Punjab,Rupnagar,140101,29,443
01-07-2025,Madhya Pradesh,Damoh,470666,113,352
01-07-2025,Assam,Hojai,782446,203,1511
01-07-2025,Madhya Pradesh,Indore,452001,476,2948
01-07-2025,Andhra Pradesh,Y. S. R,516360,146,895
01-07-2025,Karnataka,Bangalore Rural,561203,241,1341
01-07-2025,Madhya Pradesh,Narsinghpur,487001,155,676
01-07-2025,Madhya Pradesh,Seoni,480886,110,575
01-07-2025,Madhya Pradesh,Barwani,451666,1079,3009
01-07-2025,Uttar Pradesh,Prayagraj,221503,130,752
01-07-2025,Punjab,Gurdaspur,143531,115,714
01-07-2025,Haryana,Rohtak,124112,61,282
01-07-2025,Andhra Pradesh,Chittoor,517247,208,1139
01-07-2025,Puducherry,Puducherry,605007,51,363
01-07-2025,Rajasthan,Dholpur,328001,308,1326
01-07-2025,Uttar Pradesh,Gautam Buddha Nagar,201306,391,3425
01-07-2025,Rajasthan,Jhalawar,326001,150,724
01-07-2025,Telangana,Hyderabad,500013,258,1655
01-07-2025,West Bengal,Murshidabad,742133,162,1527
01-07-2025,Uttar Pradesh,Bulandshahr,203001,582,5169
01-07-2025,Telangana,K.v. Rangareddy,509325,171,1086
01-07-2025,Uttarakhand,Pauri Garhwal,246149,206,1420
01-07-2025,Madhya Pradesh,Dindori,481990,246,699
01-07-2025,Madhya Pradesh,Rajgarh,465669,142,509
01-07-2025,Andhra Pradesh,Ananthapuramu,515761,54,241
01-07-2025,Madhya Pradesh,Dhar,454446,581,2258
01-07-2025,Chhattisgarh,Korba,495674,348,3541
01-07-2025,Haryana,Hisar,125039,64,590
01-07-2025,Assam,Goalpara,783129,287,1712
01-07-2025,Telangana,Nalgonda,508001,189,1460
01-07-2025,Madhya Pradesh,Satna,485881,373,656
01-07-2025,Andhra Pradesh,Ananthapuramu,515801,96,426
01-07-2025,Gujarat,Surat,395009,244,2590
01-07-2025,Madhya Pradesh,Betul,460220,324,632
01-07-2025,Gujarat,Gandhinagar,382721,260,2296
01-07-2025,Karnataka,Bengaluru,560066,134,975
01-07-2025,Uttar Pradesh,Lucknow,226003,356,4488
01-07-2025,West Bengal,Uttar Dinajpur,733130,52,697
01-07-2025,Uttar Pradesh,Kushinagar,274304,1084,7068
01-07-2025,Telangana,Kamareddy,503111,89,705
01-07-2025,Karnataka,Hassan,573211,116,628
01-07-2025,Haryana,Panchkula,133302,95,347
01-07-2025,Haryana,Panipat,132103,1013,5451
01-07-2025,Punjab,Jalandhar,144002,134,1268
01-07-2025,Gujarat,Ahmedabad,382330,250,2357
01-07-2025,Jammu and Kashmir,Srinagar,190006,42,400
01-07-2025,Gujarat,Surat,395007,274,2221
01-07-2025,Andhra Pradesh,Nandyal,518124,41,235
01-07-2025,Madhya Pradesh,Morena,476111,663,2063
01-07-2025,Madhya Pradesh,Betul,460449,100,322
01-07-2025,Gujarat,Kachchh,370001,241,2548
01-07-2025,West Bengal,Murshidabad,742304,159,1984
01-07-2025,Karnataka,Haveri,581116,132,667
01-07-2025,West Bengal,Murshidabad,742135,391,2750
01-07-2025,Chhattisgarh,Janjgir-champa,495668,234,2510
01-07-2025,Uttar Pradesh,Kaushambi,212217,551,3283
01-07-2025,Uttar Pradesh,Pilibhit,262122,748,7971
01-07-2025,Madhya Pradesh,Vidisha,464331,259,502
01-07-2025,Madhya Pradesh,Seoni,480667,167,630
01-07-2025,Chhattisgarh,Jashpur,496224,141,2049
01-07-2025,Chhattisgarh,Surguja,497114,64,926
01-07-2025,Punjab,Rupnagar,140108,19,209
01-07-2025,Madhya Pradesh,Indore,453771,154,1015
01-07-2025,Telangana,Medchal-malkajgiri,500055,416,1965
01-07-2025,Andhra Pradesh,Vizianagaram,535591,67,651
01-07-2025,Karnataka,Ramanagar,562160,119,723
01-07-2025,Chhattisgarh,Raigarh,496661,149,1053
01-07-2025,Karnataka,Yadgir,585202,165,576
01-07-2025,Assam,Barpeta,781319,105,1003
01-07-2025,Jammu and Kashmir,Pulwama,192121,27,226
01-07-2025,Uttar Pradesh,Bareilly,243001,452,4097
01-07-2025,Assam,Goalpara,783120,88,555
01-07-2025,Haryana,Gurgaon,122505,148,1092
01-07-2025,Punjab,Ferozepur,152002,127,1459
01-07-2025,Andhra Pradesh,West Godavari,534202,48,417
01-07-2025,Telangana,Yadadri.,508252,185,1330
01-07-2025,Haryana,Yamuna Nagar,135003,162,1055
01-07-2025,Madhya Pradesh,Sagar,470227,128,691
01-07-2025,Uttar Pradesh,Gautam Buddha Nagar,201318,63,472
01-07-2025,Haryana,Palwal,121102,445,2854
01-07-2025,Madhya Pradesh,Sagar,470004,120,649
01-07-2025,Madhya Pradesh,Chhindwara,480224,203,650
01-07-2025,Uttar Pradesh,Bareilly,243122,297,2381
01-07-2025,Karnataka,Bengaluru,560023,81,405
01-07-2025,West Bengal,Murshidabad,742163,92,942
01-07-2025,Madhya Pradesh,Rajgarh,465697,144,488
01-07-2025,Uttar Pradesh,Lucknow,226016,146,1669
01-07-2025,Uttarakhand,Udham Singh Nagar,244712,188,1525
01-07-2025,Maharashtra,Gadchiroli,442603,26,222
01-07-2025,Gujarat,Kachchh,370465,142,781
01-07-2025,Haryana,Palwal,121103,240,1943
01-07-2025,Chandigarh,Chandigarh,160036,262,1538
01-07-2025,Punjab,Rupnagar,140126,35,315
01-07-2025,Karnataka,Ballari,583102,101,433
01-07-2025,Punjab,SAS Nagar (Mohali),140301,213,2305
01-07-2025,Rajasthan,Kota,324009,135,681
01-07-2025,Andhra Pradesh,Kakinada,533005,118,676
01-07-2025,Madhya Pradesh,Indore,452009,195,1354
01-07-2025,Andhra Pradesh,Anakapalli,531055,42,236
01-07-2025,Delhi,North Delhi,110084,598,3868
01-07-2025,Jammu and Kashmir,Kupwara,193222,228,1500
01-07-2025,West Bengal,Uttar Dinajpur,733202,459,6242
01-07-2025,Assam,South Salmara Mankachar,783135,150,2465
01-07-2025,West Bengal,Murshidabad,742166,141,1184
01-07-2025,Chhattisgarh,Mahasamund,493449,364,2968
01-07-2025,Telangana,Mahabubnagar,509001,359,2088
01-07-2025,Haryana,Jind,126152,24,266
01-07-2025,Madhya Pradesh,Seoni,480661,588,2065
01-07-2025,Chhattisgarh,Balrampur,497224,108,2319
01-07-2025,Madhya Pradesh,Bhind,477001,625,2383
01-07-2025,Assam,Bongaigaon,783383,40,374
01-07-2025,Uttar Pradesh,Gautam Buddha Nagar,203207,347,3025
01-07-2025,Andhra Pradesh,Bapatla,523157,52,335
01-07-2025,Telangana,K.v. Rangareddy,500048,217,1232
01-07-2025,Chhattisgarh,Bilaspur,495442,125,991
01-07-2025,Telangana,Kamareddy,503187,74,389
01-07-2025,Uttar Pradesh,Ghaziabad,201002,196,1786
01-07-2025,Andhra Pradesh,Annamayya,517214,89,363
01-07-2025,Telangana,K.v. Rangareddy,500049,286,1424
01-07-2025,Punjab,Tarn Taran,143416,58,1003
01-07-2025,Madhya Pradesh,Shivpuri,473551,435,2446
01-07-2025,Rajasthan,Hanumangarh,335512,95,1110
01-07-2025,Andhra Pradesh,Ananthapuramu,515001,241,1101
01-07-2025,Telangana,Medchal-malkajgiri,500018,199,1053
01-07-2025,Telangana,Hyderabad,500065,56,362
01-07-2025,Andhra Pradesh,Srikakulam,532185,96,664
01-07-2025,Madhya Pradesh,Guna,473001,399,2989
01-07-2025,Gujarat,Rajkot,360004,268,2315
01-07-2025,Karnataka,Koppal,583238,136,520
01-07-2025,Madhya Pradesh,Shahdol,484110,211,944
01-07-2025,West Bengal,Paschim Medinipur,721437,97,1130
01-07-2025,Andhra Pradesh,Y. S. R,516227,37,200
01-07-2025,Karnataka,Raichur,584143,113,346
01-07-2025,Andhra Pradesh,Chittoor,517425,351,1817
01-07-2025,Delhi,South Delhi,110047,99,573
01-07-2025,Madhya Pradesh,Ujjain,456006,343,2092
01-07-2025,Andhra Pradesh,Annamayya,516269,111,511
01-07-2025,Madhya Pradesh,Tikamgarh,472221,366,1126
01-07-2025,Andhra Pradesh,Srikakulam,532001,114,811
01-07-2025,Madhya Pradesh,Jabalpur,482008,52,368
01-07-2025,West Bengal,Bankura,722141,77,754
01-07-2025,Madhya Pradesh,Panna,488001,190,968
01-07-2025,Uttar Pradesh,Bijnor,246733,323,2799
