date,state,district,pincode,age_0_5,age_5_17,age_18_greater
01-07-2025,Haryana,Panipat,132103,1344,169,10
01-07-2025,Arunachal Pradesh,West Kameng,790101,43,30,10
01-07-2025,Himachal Pradesh,Kullu,175101,57,24,33
01-07-2025,Karnataka,Bengaluru Urban,560068,394,263,147
01-07-2025,Karnataka,Bengaluru Rural,560087,153,98,88
01-07-2025,Jharkhand,Gumla,835324,184,111,11
01-07-2025,Uttar Pradesh,Kheri,261502,160,214,13
01-07-2025,Maharashtra,Solapur,413113,53,29,12
01-07-2025,West Bengal,Alipurduar,736202,82,100,18
01-07-2025,Assam,Kamrup Metro,782402,103,20,17
01-07-2025,Delhi,South Delhi,110029,57,15,16
01-07-2025,Gujarat,Bhavnagar,364140,218,83,11
01-07-2025,West Bengal,Darjeeling,734010,92,91,25
01-07-2025,Madhya Pradesh,Panna,488001,301,173,13
01-07-2025,Uttar Pradesh,Balrampur,271205,126,332,10
01-07-2025,Bihar,Purbi Champaran,845440,84,161,25
01-07-2025,Chhattisgarh,Balrampur,497224,230,123,25
01-07-2025,Gujarat,Mahisagar,389210,192,113,10
01-07-2025,Uttar Pradesh,Siddharth Nagar,272202,276,379,26
01-07-2025,Assam,Sivasagar,785640,90,52,52
01-07-2025,Meghalaya,Ri Bhoi,793105,186,400,343
01-07-2025,Manipur,Churachandpur,795128,348,1265,13
01-07-2025,Maharashtra,Buldhana,443001,434,74,18
01-07-2025,Assam,Jorhat,785633,14,14,18
01-07-2025,Uttar Pradesh,Jaunpur,223101,109,274,11
01-07-2025,Gujarat,Chhotaudepur,391140,49,35,21
01-07-2025,Uttar Pradesh,Rampur,243701,423,369,11
01-07-2025,Andhra Pradesh,Spsr Nellore,524345,56,59,15
01-07-2025,Maharashtra,Sangli,416412,183,156,12
01-07-2025,Odisha,Khordha,751024,37,37,13
01-07-2025,Assam,Dibrugarh,786613,51,16,45
01-07-2025,Madhya Pradesh,Khargone,451331,235,234,18
01-07-2025,Meghalaya,Kamrup,781131,13,71,59
01-07-2025,Maharashtra,Dhule,425405,500,416,35
01-07-2025,Bihar,Purnia,854301,273,244,11
01-07-2025,Gujarat,Dohad,389180,334,919,49
01-07-2025,Bihar,Patna,801110,154,428,31
01-07-2025,Uttar Pradesh,Rampur,244922,407,681,15
01-07-2025,Assam,Darrang,784114,190,56,11
01-07-2025,Gujarat,Surat,395007,264,90,12
01-07-2025,Karnataka,Bengaluru Urban,562157,42,13,14
01-07-2025,Gujarat,Kachchh,370421,47,30,11
01-07-2025,Madhya Pradesh,Alirajpur,457993,215,450,37
01-07-2025,Bihar,Pashchim Champaran,845451,202,354,30
01-07-2025,Assam,Dibrugarh,786003,94,39,29
01-07-2025,Uttar Pradesh,Rampur,244924,569,261,34
01-07-2025,Karnataka,Bengaluru Urban,560058,186,62,19
01-07-2025,Bihar,Saharsa,852106,310,300,24
01-07-2025,Meghalaya,West Garo Hills,794103,111,344,265
01-07-2025,Meghalaya,Ri Bhoi,793101,16,68,35
01-07-2025,Assam,Kamrup,781125,49,20,11
01-07-2025,Gujarat,Dohad,389382,131,190,22
01-07-2025,Uttar Pradesh,Rampur,244901,1462,884,53
01-07-2025,Assam,Cachar,788817,421,118,21
01-07-2025,Uttar Pradesh,Gonda,271403,123,261,10
01-07-2025,Uttar Pradesh,Lucknow,226003,592,532,18
01-07-2025,Uttar Pradesh,Maharajganj,273304,148,244,15
01-07-2025,Gujarat,Patan,384241,73,38,11
01-07-2025,Nagaland,Tuensang,798626,25,208,15
01-07-2025,Gujarat,Ahmadabad,382220,208,114,16
01-07-2025,Gujarat,Jamnagar,361001,235,55,10
01-07-2025,Uttar Pradesh,Siddharth Nagar,272207,292,447,15
01-07-2025,Assam,Tinsukia,786171,110,70,22
01-07-2025,West Bengal,Nadia,741253,77,14,11
01-07-2025,West Bengal,24 Paraganas North,743263,113,80,34
01-07-2025,Bihar,Pashchim Champaran,845306,189,436,33
01-07-2025,Madhya Pradesh,Khargone,451332,509,579,61
01-07-2025,Meghalaya,West Garo Hills,794104,359,329,251
01-07-2025,Assam,Kamrup Metro,781006,21,29,10
01-07-2025,Assam,Kamrup,781141,158,24,11
01-07-2025,Assam,Dibrugarh,786611,24,23,92
01-07-2025,Telangana,Hyderabad,500013,492,126,11
01-07-2025,West Bengal,Coochbehar,736146,204,303,12
01-07-2025,Assam,Chirang,783375,95,174,13
01-07-2025,Gujarat,Ahmadabad,380016,153,106,12
01-07-2025,Uttar Pradesh,Varanasi,221107,177,325,22
01-07-2025,Assam,Hojai,782446,1152,169,12
01-07-2025,Assam,Goalpara,783129,1114,205,70
01-07-2025,Delhi,New Delhi,110061,52,52,46
01-07-2025,Meghalaya,East Khasi Hills,793021,18,88,92
01-07-2025,Uttar Pradesh,Barabanki,225302,236,178,23
01-07-2025,Tamil Nadu,Chengalpattu,600130,21,26,11
01-07-2025,Punjab,Gurdaspur,143505,549,99,10
01-07-2025,Uttar Pradesh,Shahjahanpur,242221,765,696,18
01-07-2025,Karnataka,Bengaluru Urban,560077,217,136,89
01-07-2025,Meghalaya,South West Garo Hills,794106,167,77,35
01-07-2025,Maharashtra,Mumbai Suburban,400043,854,758,25
01-07-2025,Madhya Pradesh,Shivpuri,473551,617,705,42
01-07-2025,Maharashtra,Pune,411001,159,70,14
01-07-2025,Maharashtra,Nanded,431714,341,126,14
01-07-2025,Nagaland,Peren,797110,36,105,18
01-07-2025,Madhya Pradesh,Sagar,470002,415,59,12
01-07-2025,Maharashtra,Thane,421501,181,137,36
01-07-2025,Jharkhand,Ranchi,835205,65,43,10
01-07-2025,Bihar,Gopalganj,841438,336,724,10
01-07-2025,Madhya Pradesh,Jhabua,457661,520,1091,65
01-07-2025,Meghalaya,North Garo Hills,794108,22,97,125
01-07-2025,Bihar,Sitamarhi,843327,366,476,24
01-07-2025,Assam,Goalpara,783125,273,88,10
01-07-2025,Gujarat,Amreli,364522,34,23,10
01-07-2025,West Bengal,24 Paraganas North,700049,55,67,12
01-07-2025,Telangana,Hyderabad,500001,253,132,23
01-07-2025,Delhi,South Delhi,110065,129,52,20
01-07-2025,Assam,Cachar,788117,72,45,10
01-07-2025,Madhya Pradesh,Barwani,451666,1400,1376,79
01-07-2025,Gujarat,Rajkot,360002,582,134,34
01-07-2025,Kerala,Thiruvananthapuram,695310,10,10,31
01-07-2025,Maharashtra,Satara,415523,327,116,16
01-07-2025,Telangana,Hyderabad,500029,98,51,14
01-07-2025,Gujarat,Devbhumi Dwarka,360510,103,26,19
01-07-2025,Maharashtra,Ahmednagar,414105,92,64,16
01-07-2025,Madhya Pradesh,Sagar,470227,167,52,10
01-07-2025,Assam,Tinsukia,786125,73,86,10
01-07-2025,Rajasthan,Jalore,343001,296,181,13
01-07-2025,Meghalaya,East Khasi Hills,793110,78,464,354
01-07-2025,Bihar,Nawada,805129,70,255,21
01-07-2025,Assam,West Karbi Anglong,782486,54,69,74
01-07-2025,Maharashtra,Mumbai Suburban,400059,125,69,11
01-07-2025,Uttar Pradesh,Muzaffarnagar,251002,391,175,11
01-07-2025,Chhattisgarh,Balrampur,497223,579,197,10
01-07-2025,Karnataka,Bengaluru Urban,560004,109,55,11
01-07-2025,Assam,Cachar,788030,371,151,47
01-07-2025,Assam,Kamrup,781120,26,14,25
01-07-2025,Nagaland,Mon,798621,117,221,29
01-07-2025,Assam,Dibrugarh,786001,108,60,70
01-07-2025,West Bengal,24 Paraganas North,700056,34,53,11
01-07-2025,West Bengal,24 Paraganas North,743127,91,83,14
01-07-2025,Assam,Golaghat,785625,49,38,90
01-07-2025,Karnataka,Bengaluru Urban,560048,106,83,51
01-07-2025,Bihar,Siwan,841406,192,414,12
01-07-2025,West Bengal,Nadia,741402,68,23,13
01-07-2025,Telangana,Hyderabad,500032,92,53,20
01-07-2025,Gujarat,Banas Kantha,385135,128,208,24
01-07-2025,Assam,Dhemaji,787059,401,133,19
01-07-2025,Assam,Dibrugarh,786191,32,20,19
01-07-2025,Gujarat,Gandhinagar,382721,269,86,116
01-07-2025,Assam,Cachar,788003,228,66,17
01-07-2025,Maharashtra,Buldhana,443103,198,84,22
01-07-2025,Gujarat,Chhotaudepur,391135,102,66,25
01-07-2025,Gujarat,Banas Kantha,385530,100,180,12
01-07-2025,Gujarat,Porbandar,360570,43,12,10
01-07-2025,Karnataka,Mysuru,571105,261,100,11
01-07-2025,Andhra Pradesh,Spsr Nellore,524411,78,54,15
01-07-2025,Maharashtra,Nanded,431708,372,135,10
01-07-2025,West Bengal,Nadia,741201,124,48,11
01-07-2025,Jharkhand,Ranchi,835222,130,132,33
01-07-2025,Rajasthan,Jodhpur,342301,391,346,10
01-07-2025,West Bengal,Hooghly,712149,177,111,12
01-07-2025,Rajasthan,Sirohi,307024,172,278,16
01-07-2025,Assam,Jorhat,785001,42,41,75
01-07-2025,Karnataka,Bengaluru Urban,560001,61,30,14
01-07-2025,Maharashtra,Hingoli,431702,297,71,18
01-07-2025,Gujarat,Morbi,363621,368,147,81
01-07-2025,West Bengal,Dinajpur Uttar,733207,1102,1207,45
01-07-2025,West Bengal,Alipurduar,736182,36,64,48
01-07-2025,Uttar Pradesh,Bahraich,271872,157,223,10
01-07-2025,Bihar,Pashchim Champaran,845438,608,1229,34
01-07-2025,Punjab,Kapurthala,144601,178,39,137
01-07-2025,Uttar Pradesh,Lucknow,226018,109,92,14
01-07-2025,Uttar Pradesh,Bareilly,243001,499,441,20
01-07-2025,Madhya Pradesh,Dhar,454446,518,380,24
01-07-2025,Assam,Dhemaji,786110,233,62,12
01-07-2025,Uttar Pradesh,Kanpur Nagar,208002,132,162,13
01-07-2025,Assam,Tinsukia,786182,65,92,16
01-07-2025,Gujarat,Kachchh,370001,295,138,13
01-07-2025,Bihar,Sitamarhi,843330,90,242,263
01-07-2025,Uttar Pradesh,Kheri,261506,215,254,14
01-07-2025,Bihar,Sitamarhi,843331,406,388,33
01-07-2025,Assam,Dibrugarh,786012,49,12,14
01-07-2025,West Bengal,24 Paraganas South,743347,364,104,22
01-07-2025,Karnataka,Bengaluru Urban,562106,113,34,11
01-07-2025,Uttar Pradesh,Pilibhit,262122,563,608,17
01-07-2025,Tamil Nadu,Chennai,600119,87,63,12
01-07-2025,Gujarat,Dohad,389190,245,356,29
01-07-2025,Gujarat,Surendranagar,363030,152,43,19
01-07-2025,Uttar Pradesh,Gautam Buddha Nagar,201306,363,434,33
01-07-2025,Madhya Pradesh,Morena,476221,631,492,18
01-07-2025,Maharashtra,Thane,421503,361,322,27
01-07-2025,Uttar Pradesh,Bahraich,271841,158,190,10
01-07-2025,Uttar Pradesh,Bahraich,271802,174,197,11
01-07-2025,Maharashtra,Jalgaon,425301,161,56,10
01-07-2025,Maharashtra,Mumbai,400022,114,92,12
01-07-2025,Bihar,Purbi Champaran,845304,185,292,26
01-07-2025,West Bengal,Alipurduar,735208,13,16,10
01-07-2025,Gujarat,Banas Kantha,385550,251,255,18
01-07-2025,Assam,Tinsukia,786156,114,76,120
01-07-2025,Gujarat,Porbandar,360579,84,33,17
01-07-2025,Gujarat,Botad,364750,170,79,10
01-07-2025,Bihar,Sitamarhi,843319,179,125,10
01-07-2025,Gujarat,Amreli,364515,128,34,15
01-07-2025,Maharashtra,Hingoli,431701,349,93,13
01-07-2025,Gujarat,Rajkot,360004,335,124,31
01-07-2025,Uttar Pradesh,Kheri,262701,374,370,12
01-07-2025,Karnataka,Bengaluru Urban,560037,121,137,142
01-07-2025,Assam,Karimganj,788806,166,83,19
01-07-2025,Uttar Pradesh,Shravasti,271831,425,669,24
01-07-2025,Madhya Pradesh,Morena,476111,529,533,25
01-07-2025,Uttar Pradesh,Lucknow,226001,212,199,13
01-07-2025,Madhya Pradesh,Bhind,477445,174,231,31
01-07-2025,Gujarat,Banas Kantha,385565,319,329,35
01-07-2025,West Bengal,Jalpaiguri,735206,10,49,10
01-07-2025,Meghalaya,East Khasi Hills,793005,25,135,88
01-07-2025,Odisha,Nabarangpur,764074,327,103,12
01-07-2025,Madhya Pradesh,Indore,452001,994,432,41
01-07-2025,Gujarat,Sabar Kantha,383205,99,41,15
01-07-2025,Karnataka,Ramanagara,562160,168,24,12
01-07-2025,Bihar,Nalanda,805130,156,650,25
01-07-2025,Uttar Pradesh,Etah,207244,267,238,10
01-07-2025,Madhya Pradesh,Bhind,477001,499,262,23
01-07-2025,Nagaland,Wokha,797111,40,191,17
01-07-2025,Punjab,Patiala,147001,766,237,18
01-07-2025,West Bengal,Darjeeling,734013,43,23,21
01-07-2025,Maharashtra,Mumbai Suburban,400074,148,64,12
01-07-2025,Meghalaya,East Khasi Hills,793009,12,113,110
01-07-2025,Maharashtra,Nandurbar,425432,344,195,16
01-07-2025,Assam,Jorhat,785636,63,13,17
01-07-2025,West Bengal,24 Paraganas North,743249,76,62,17
01-07-2025,Maharashtra,Hingoli,431705,371,116,31
01-07-2025,Uttar Pradesh,Ghaziabad,201204,249,194,10
01-07-2025,Jharkhand,West Singhbhum,833201,320,440,16
01-07-2025,Tripura,Sepahijala,799102,166,144,15
01-07-2025,Punjab,Ludhiana,141010,168,148,24
01-07-2025,Mizoram,Lunglei,796770,83,32,20
01-07-2025,Assam,West Karbi Anglong,782485,62,79,44
01-07-2025,Uttar Pradesh,Mainpuri,206301,124,294,11
01-07-2025,Delhi,Central Delhi,110054,103,33,10
01-07-2025,Madhya Pradesh,Morena,476115,548,429,53
01-07-2025,Bihar,Gaya,824236,109,606,14
01-07-2025,Meghalaya,East Garo Hills,794110,32,236,190
01-07-2025,Maharashtra,Nagpur,440024,244,70,13
01-07-2025,Assam,Dibrugarh,785675,125,61,42
01-07-2025,Punjab,Kapurthala,144401,146,35,40
01-07-2025,West Bengal,Jalpaiguri,735202,59,119,21
01-07-2025,Meghalaya,East Khasi Hills,793017,18,64,43
01-07-2025,Bihar,Nawada,805103,84,459,16
01-07-2025,Chhattisgarh,Bijapur,494444,656,238,184
01-07-2025,Uttar Pradesh,Mainpuri,205262,248,383,10
01-07-2025,Telangana,Hyderabad,500053,936,250,15
01-07-2025,Gujarat,Ahmedabad,382440,144,273,17
01-07-2025,Assam,Kamrup,781103,136,25,14
01-07-2025,Punjab,Amritsar,143001,1293,400,24
01-07-2025,Rajasthan,Karauli,322230,612,323,11
01-07-2025,Assam,Dibrugarh,786101,130,36,30
01-07-2025,Meghalaya,West Jaintia Hills,793109,18,113,118
01-07-2025,Uttar Pradesh,Fatehpur,212663,115,130,11
01-07-2025,Bihar,Samastipur,848101,513,488,13
01-07-2025,Karnataka,Bengaluru Urban,560008,78,42,26
01-07-2025,Assam,Kamrup Metro,781038,26,27,11
01-07-2025,Maharashtra,Dhule,424304,263,240,37
01-07-2025,Maharashtra,Nagpur,440017,412,86,14
01-07-2025,Madhya Pradesh,Katni,483501,441,264,12
01-07-2025,Telangana,Hyderabad,500028,580,190,22
01-07-2025,Bihar,Sitamarhi,843332,197,249,34
01-07-2025,Assam,Dhubri,783331,437,189,12
01-07-2025,Nagaland,Zunheboto,798620,48,277,24
01-07-2025,Meghalaya,East Khasi Hills,793015,46,325,424
01-07-2025,Telangana,Hyderabad,500024,205,87,10
01-07-2025,Maharashtra,Mumbai Suburban,400072,495,364,23
01-07-2025,Punjab,Ludhiana,141008,385,224,30
01-07-2025,Jharkhand,Dumka,814119,61,117,10
01-07-2025,Maharashtra,Dhule,425428,209,144,14
01-07-2025,Madhya Pradesh,Indore,452002,522,260,33
01-07-2025,Assam,Kamrup Metro,782403,80,15,13
01-07-2025,Karnataka,Bengaluru Urban,560092,52,26,32
01-07-2025,Gujarat,Navsari,396445,191,47,19
01-07-2025,Assam,Lakhimpur,784161,56,15,13
01-07-2025,Uttar Pradesh,Ayodhya,224001,262,324,17
01-07-2025,Uttar Pradesh,Bahraich,271851,287,309,22
01-07-2025,Uttar Pradesh,Kheri,262802,386,653,18
01-07-2025,Meghalaya,East Khasi Hills,793111,71,276,131
01-07-2025,Jharkhand,Pakur,816107,994,1023,11
01-07-2025,Gujarat,Ahmadabad,380015,135,89,15
01-07-2025,Meghalaya,South Garo Hills,794102,29,168,200
01-07-2025,Karnataka,Bengaluru Urban,560041,81,38,13
01-07-2025,Delhi,South Delhi,110017,199,83,23
01-07-2025,Haryana,Gurugram,122004,150,42,10
01-07-2025,Assam,Lakhimpur,787032,78,72,51
01-07-2025,Gujarat,Jamnagar,361012,76,35,10
01-07-2025,Assam,Karimganj,788720,474,205,11
01-07-2025,West Bengal,Darjeeling,734427,42,84,11
01-07-2025,Gujarat,Mahesana,382715,282,96,21
01-07-2025,Assam,Kamrup,781380,114,37,20
01-07-2025,Madhya Pradesh,Barwani,451551,533,598,103
01-07-2025,Uttar Pradesh,Gorakhpur,273001,145,341,34
01-07-2025,Maharashtra,Mumbai Suburban,400071,186,95,20
01-07-2025,Uttar Pradesh,Siddharth Nagar,272206,448,683,57
01-07-2025,Gujarat,Devbhumi Dwarka,361305,213,108,19
01-07-2025,Assam,Marigaon,782410,492,152,61
01-07-2025,Madhya Pradesh,Indore,452016,730,396,10
01-07-2025,Gujarat,Dohad,389172,321,304,23
01-07-2025,Bihar,Pashchim Champaran,845453,265,420,19
01-07-2025,Assam,Tinsukia,786150,17,12,44
01-07-2025,Madhya Pradesh,Morena,476224,423,320,14
01-07-2025,Madhya Pradesh,Dewas,455227,544,292,13
01-07-2025,Bihar,Patna,800001,124,527,10
01-07-2025,Uttar Pradesh,Kanpur Nagar,209402,83,196,12
01-07-2025,Gujarat,Dohad,389380,225,174,20
01-07-2025,Gujarat,Kheda,387620,235,150,24
01-07-2025,Karnataka,Bengaluru Urban,560076,253,154,52
01-07-2025,Uttar Pradesh,Hardoi,241402,462,830,11
01-07-2025,Uttar Pradesh,Firozabad,283203,1940,1040,10
01-07-2025,Gujarat,Rajkot,360050,166,115,11
01-07-2025,Bihar,Pashchim Champaran,845455,372,684,39
01-07-2025,Madhya Pradesh,Jhabua,457779,388,669,28
01-07-2025,Karnataka,Bengaluru Urban,560099,127,92,22
01-07-2025,Gujarat,Bhavnagar,364001,428,86,14
01-07-2025,Assam,Karimganj,788724,247,165,39
01-07-2025,Assam,Sonitpur,784110,418,133,25
01-07-2025,Gujarat,Ahmadabad,382330,321,197,15
01-07-2025,Madhya Pradesh,Guna,473222,637,423,12
01-07-2025,Uttar Pradesh,Kheri,262906,87,107,13
01-07-2025,Assam,Sonitpur,784507,223,146,85
01-07-2025,Gujarat,Anand,387115,88,28,12
01-07-2025,Assam,Hailakandi,788163,331,173,10
01-07-2025,Meghalaya,East Khasi Hills,793008,24,127,104
01-07-2025,Delhi,North West Delhi,110034,372,126,16
01-07-2025,Uttar Pradesh,Varanasi,221007,435,434,12
01-07-2025,Meghalaya,East Khasi Hills,793006,41,86,54
01-07-2025,Maharashtra,Sangli,416413,125,85,12
01-07-2025,Punjab,S.A.S Nagar,140301,300,89,34
01-07-2025,West Bengal,Jalpaiguri,735135,149,128,23
01-07-2025,Jharkhand,East Singhbum,831002,457,300,12
01-07-2025,Madhya Pradesh,Gwalior,475001,135,125,12
01-07-2025,Meghalaya,Ri Bhoi,793103,35,262,248
01-07-2025,Delhi,East Delhi,110092,792,290,43
01-07-2025,Maharashtra,Thane,421306,385,304,10
01-07-2025,Uttar Pradesh,Azamgarh,276305,171,522,15
01-07-2025,Gujarat,Dohad,389140,122,286,21
01-07-2025,Karnataka,Bengaluru Urban,560103,62,76,45
01-07-2025,Madhya Pradesh,Khandwa,450001,586,233,12
01-07-2025,Assam,Golaghat,785612,121,134,92
01-07-2025,West Bengal,Nadia,741501,111,43,26
01-07-2025,Maharashtra,Mumbai Suburban,400076,69,24,18
01-07-2025,Bihar,Nalanda,803101,278,937,12
01-07-2025,Gujarat,Surat,395003,226,112,10
01-07-2025,Delhi,East Delhi,110091,527,214,12
01-07-2025,Maharashtra,Pune,412211,78,36,14
01-07-2025,Assam,Jorhat,785108,45,24,14
01-07-2025,Jharkhand,Khunti,835210,146,196,14
01-07-2025,Karnataka,Bengaluru Urban,560017,47,49,16
01-07-2025,Punjab,Ludhiana,141012,88,39,11
01-07-2025,Uttar Pradesh,Bareilly,243503,562,530,14
01-07-2025,Gujarat,Gandhinagar,382735,53,10,13
01-07-2025,Assam,Dibrugarh,786010,156,34,31
01-07-2025,Madhya Pradesh,Ashoknagar,473101,509,248,20
01-07-2025,Assam,Bongaigaon,783391,236,51,16
01-07-2025,Assam,Golaghat,785603,111,54,73
01-07-2025,Assam,Golaghat,785703,52,28,12
01-07-2025,Uttar Pradesh,Sambhal,244301,339,200,11
01-07-2025,Tamil Nadu,Chennai,600115,58,40,10
01-07-2025,Assam,Barpeta,781315,409,166,34
01-07-2025,Gujarat,Amreli,365601,195,20,12
01-07-2025,Uttar Pradesh,Barabanki,225305,637,414,17
01-07-2025,Rajasthan,Jaipur,302012,840,338,11
01-07-2025,Madhya Pradesh,Gwalior,475110,363,518,32
01-07-2025,Assam,Golaghat,785705,372,66,42
01-07-2025,Rajasthan,Bharatpur,321203,320,274,11
01-07-2025,Maharashtra,Mumbai,400037,336,227,11
01-07-2025,West Bengal,24 Paraganas North,700124,71,49,15
01-07-2025,Gujarat,Anand,388307,78,26,12
01-07-2025,Rajasthan,Chittorgarh,312901,210,214,16
01-07-2025,Bihar,Araria,854336,166,108,14
01-07-2025,Uttar Pradesh,Hardoi,241124,716,809,16
01-07-2025,Maharashtra,Pune,411023,103,26,12
01-07-2025,Andhra Pradesh,Spsr Nellore,524004,176,102,18
01-07-2025,Uttar Pradesh,Banda,210121,401,753,11
01-07-2025,Madhya Pradesh,Chhatarpur,471405,334,468,30
01-07-2025,Assam,Karimganj,788709,94,73,17
01-07-2025,Uttar Pradesh,Gautam Buddha Nagar,201310,192,326,31
01-07-2025,Maharashtra,Nashik,422003,475,261,13
01-07-2025,Gujarat,Chhotaudepur,391150,129,151,32
01-07-2025,Madhya Pradesh,Chhatarpur,471501,249,257,10
01-07-2025,Delhi,South West Delhi,110045,468,207,29
01-07-2025,Uttar Pradesh,Maharajganj,273162,304,668,13
01-07-2025,Gujarat,Banas Kantha,385560,60,59,10
01-07-2025,Karnataka,Bengaluru Urban,560064,311,119,65
01-07-2025,Meghalaya,West Jaintia Hills,793151,56,374,283
01-07-2025,Uttar Pradesh,Mathura,281121,133,151,10
01-07-2025,West Bengal,24 Paraganas North,743235,103,65,18
01-07-2025,Assam,Jorhat,785006,39,24,16
01-07-2025,Uttar Pradesh,Bahraich,271865,404,830,102
01-07-2025,Gujarat,Panch Mahals,389001,389,191,24
01-07-2025,Maharashtra,Pune,411028,269,134,13
01-07-2025,Assam,Lakhimpur,784160,359,86,38
01-07-2025,Haryana,Gurugram,122002,107,46,46
01-07-2025,Maharashtra,Pune,411038,278,66,19
01-07-2025,Meghalaya,South West Khasi Hills,793114,108,192,225
01-07-2025,Uttar Pradesh,Azamgarh,276404,276,428,11
01-07-2025,Uttar Pradesh,Meerut,250344,88,145,17
01-07-2025,Gujarat,Banas Kantha,385130,75,105,10
01-07-2025,Assam,Hojai,782435,598,181,11
01-07-2025,Delhi,New Delhi,110057,58,23,19
01-07-2025,Maharashtra,Jalgaon,425002,260,74,12
01-07-2025,Meghalaya,East Khasi Hills,793014,10,39,16
01-07-2025,Uttar Pradesh,Aligarh,250611,269,464,20
01-07-2025,Madhya Pradesh,Satna,485001,488,121,20
01-07-2025,Karnataka,Bidar,585437,107,52,10
01-07-2025,Uttar Pradesh,Meerut,250001,690,575,10
01-07-2025,Gujarat,Sabar Kantha,383255,70,135,21
01-07-2025,Gujarat,Bhavnagar,364310,118,20,11
01-07-2025,Gujarat,Ahmedabad,387810,253,116,19
01-07-2025,Gujarat,Kachchh,370410,47,10,12
01-07-2025,Uttar Pradesh,Bahraich,271881,121,328,59
01-07-2025,Uttar Pradesh,Maharajganj,273164,233,715,32
01-07-2025,Uttar Pradesh,Agra,283110,328,308,16
01-07-2025,Rajasthan,Tonk,304001,635,332,19
01-07-2025,Madhya Pradesh,Vidisha,464001,544,212,21
01-07-2025,Delhi,New Delhi,110021,61,33,34
01-07-2025,Assam,Dhemaji,787061,126,62,26
01-07-2025,Gujarat,Ahmadabad,382421,116,68,12
01-07-2025,Assam,Marigaon,782105,236,131,35
01-07-2025,Assam,Jorhat,785616,49,19,17
01-07-2025,Uttar Pradesh,Hardoi,241123,633,853,10
01-07-2025,West Bengal,Nadia,741222,107,122,15
01-07-2025,Assam,Kamrup,781136,592,160,50
01-07-2025,Uttar Pradesh,Gonda,271504,172,236,21
01-07-2025,Uttar Pradesh,Prayagraj,221505,274,222,10
01-07-2025,Karnataka,Bengaluru Urban,560032,318,106,30
01-07-2025,Assam,Kamrup,781122,84,26,13
01-07-2025,Maharashtra,Beed,431124,214,86,10
01-07-2025,Arunachal Pradesh,Longding,792131,46,322,33
01-07-2025,Gujarat,Sabar Kantha,383001,240,104,37
01-07-2025,Uttar Pradesh,Jhansi,284304,78,76,13
01-07-2025,Gujarat,Banas Kantha,385555,144,130,15
01-07-2025,Madhya Pradesh,Chhatarpur,471625,152,240,17
01-07-2025,West Bengal,24 Paraganas North,743287,30,27,29
01-07-2025,Assam,Karimganj,788726,61,27,11
01-07-2025,West Bengal,Darjeeling,734008,20,32,12
01-07-2025,Gujarat,Rajkot,360370,236,54,23
01-07-2025,Karnataka,Bengaluru Urban,560035,105,97,83
01-07-2025,Rajasthan,Chittorgarh,312022,311,275,11
01-07-2025,Gujarat,Gir Somnath,362275,168,52,17
01-07-2025,Madhya Pradesh,Morena,476001,954,695,37
01-07-2025,Meghalaya,East Khasi Hills,793010,11,105,51
01-07-2025,Sikkim,West Sikkim,737111,48,108,15
01-07-2025,Uttar Pradesh,Prayagraj,211003,229,318,13
01-07-2025,Uttar Pradesh,Chandauli,232104,244,394,10
01-07-2025,Assam,Hailakandi,788165,75,26,16
01-07-2025,Maharashtra,Hingoli,431512,548,153,13
01-07-2025,Uttar Pradesh,Azamgarh,276304,118,299,12
01-07-2025,Uttar Pradesh,Maharajganj,273305,139,263,22
01-07-2025,Bihar,Gaya,823003,125,854,25
01-07-2025,Delhi,North East Delhi,110094,1826,1029,19
01-07-2025,Madhya Pradesh,Bhind,477557,333,178,23
01-07-2025,Maharashtra,Nashik,423212,251,134,18
01-07-2025,Mizoram,Lawngtlai,796891,240,59,31
01-07-2025,Gujarat,Morbi,363641,742,298,51
01-07-2025,West Bengal,Howrah,711101,149,200,12
01-07-2025,West Bengal,Kalimpong,734301,78,77,34
01-07-2025,Madhya Pradesh,Betul,460330,257,130,24
01-07-2025,Bihar,Munger,811213,241,445,13
01-07-2025,Sikkim,South Sikkim,737121,100,147,13
01-07-2025,Assam,Dhemaji,787034,71,40,44
01-07-2025,Uttar Pradesh,Budaun,243635,346,416,10
01-07-2025,Uttar Pradesh,Hardoi,241204,726,404,18
01-07-2025,Punjab,Ludhiana,141002,78,20,12
01-07-2025,Maharashtra,Mumbai Suburban,400088,189,81,11
01-07-2025,Maharashtra,Dhule,424305,158,126,15
01-07-2025,Uttar Pradesh,Barabanki,225306,167,100,12
01-07-2025,Gujarat,Banas Kantha,385001,517,378,47
01-07-2025,Maharashtra,Pune,411048,350,239,11
01-07-2025,Uttar Pradesh,Bahraich,271824,121,180,13
01-07-2025,Assam,Baksa,781344,41,21,11
01-07-2025,Gujarat,Chhotaudepur,391160,167,154,45
01-07-2025,Assam,Goalpara,783134,51,64,61
01-07-2025,Gujarat,Dohad,389154,119,415,32
01-07-2025,Assam,Cachar,788802,140,34,15
01-07-2025,Maharashtra,Pune,411045,158,49,18
01-07-2025,Haryana,Gurugram,122001,676,248,47
01-07-2025,Maharashtra,Pune,411014,280,114,17
01-07-2025,Meghalaya,West Khasi Hills,793120,155,602,324
01-07-2025,Karnataka,Bengaluru Urban,560093,52,30,32
01-07-2025,Uttar Pradesh,Bulandshahr,203131,604,749,11
01-07-2025,Bihar,Banka,813108,148,269,11
01-07-2025,Karnataka,Bengaluru Urban,560010,106,48,24
01-07-2025,Karnataka,Bengaluru Urban,560061,199,97,20
01-07-2025,Maharashtra,Solapur,413307,201,87,12
01-07-2025,Assam,Lakhimpur,787056,43,43,57
01-07-2025,Assam,Golaghat,785613,56,58,20
01-07-2025,Chhattisgarh,Raigarh,496116,420,99,10
01-07-2025,Uttar Pradesh,Varanasi,221112,69,83,10
01-07-2025,Gujarat,Morbi,363330,330,255,22
01-07-2025,Delhi,South Delhi,110030,231,105,21
01-07-2025,Jharkhand,Giridih,815312,566,535,14
01-07-2025,Maharashtra,Akola,444101,390,205,42
01-07-2025,West Bengal,Coochbehar,736165,174,84,32
01-07-2025,Meghalaya,West Khasi Hills,793119,287,1396,855
01-07-2025,Jharkhand,Gumla,835227,199,175,12
01-07-2025,Gujarat,Ahmadabad,380001,419,214,10
01-07-2025,Uttar Pradesh,Agra,283101,112,195,15
01-07-2025,Karnataka,Bengaluru Rural,560067,217,121,122
01-07-2025,West Bengal,24 Paraganas North,700119,116,132,13
01-07-2025,Uttar Pradesh,Bahraich,271801,500,734,49
01-07-2025,Punjab,Ludhiana,141001,384,196,24
01-07-2025,Karnataka,Bengaluru Rural,560049,227,103,70
01-07-2025,Nagaland,Dimapur,797115,49,93,12
01-07-2025,Uttar Pradesh,Sultanpur,222302,143,247,11
01-07-2025,Madhya Pradesh,Chhatarpur,471606,76,171,16
01-07-2025,Bihar,Nawada,805123,56,309,24
01-07-2025,Uttar Pradesh,Sitapur,261001,682,669,17
01-07-2025,Bihar,Purbi Champaran,845437,257,691,11
01-07-2025,Assam,Nagaon,782124,796,276,20
01-07-2025,Goa,North Goa,403001,21,10,11
01-07-2025,Karnataka,Vijayapura,586101,363,77,10
01-07-2025,Uttar Pradesh,Varanasi,221005,119,237,22
01-07-2025,Rajasthan,Sikar,332001,461,178,11
01-07-2025,Madhya Pradesh,Bhind,477660,275,216,21
01-07-2025,Bihar,Pashchim Champaran,845307,210,474,44
01-07-2025,Gujarat,Bhavnagar,364290,305,56,35
01-07-2025,Delhi,North West Delhi,110085,486,141,30
01-07-2025,Bihar,Begusarai,848203,377,372,13
01-07-2025,Assam,Kamrup,781354,305,110,21
01-07-2025,Meghalaya,East Khasi Hills,793022,15,111,60
01-07-2025,Gujarat,Vadodara,390019,251,151,26
01-07-2025,Assam,Sivasagar,785697,28,14,15
01-07-2025,Rajasthan,Churu,331022,343,263,11
01-07-2025,Uttar Pradesh,Shahjahanpur,242307,416,343,10
01-07-2025,Assam,Nagaon,782450,60,86,90
01-07-2025,Uttar Pradesh,Gorakhpur,273209,176,381,11
01-07-2025,Bihar,Patna,801503,230,596,10
01-07-2025,Gujarat,Patan,385360,193,167,29
01-07-2025,West Bengal,Darjeeling,734105,13,20,16
01-07-2025,Assam,Cachar,788815,712,179,30
01-07-2025,Bihar,Purbi Champaran,845302,260,499,20
01-07-2025,Delhi,South Delhi,110016,72,24,20
01-07-2025,Uttar Pradesh,Bahraich,271830,221,516,44
01-07-2025,Bihar,Lakhisarai,811311,450,728,15
01-07-2025,Uttar Pradesh,Shahjahanpur,242301,558,391,10
01-07-2025,Telangana,Ranga Reddy,500079,181,93,10
01-07-2025,Meghalaya,East Garo Hills,794111,41,370,197
01-07-2025,Tamil Nadu,Thiruvallur,600052,261,75,10
01-07-2025,Madhya Pradesh,Barwani,451449,250,226,30
01-07-2025,Madhya Pradesh,Gwalior,475220,259,221,18
01-07-2025,Gujarat,Mahesana,384355,140,54,11
01-07-2025,Bihar,Saran,841301,341,876,12
01-07-2025,Uttar Pradesh,Varanasi,221010,179,276,16
01-07-2025,Rajasthan,Jaipur,302017,260,141,22
01-07-2025,Gujarat,Sabar Kantha,383422,105,382,12
01-07-2025,Gujarat,Dang,394716,86,57,43
01-07-2025,Gujarat,Bhavnagar,364130,104,54,14
01-07-2025,Jharkhand,Giridih,815301,305,386,13
01-07-2025,Telangana,Bhadradri Kothagudem,507123,256,55,11
01-07-2025,Uttar Pradesh,Aligarh,202133,634,596,13
01-07-2025,Madhya Pradesh,Datia,475661,435,384,20
01-07-2025,Maharashtra,Amravati,444601,523,148,13
01-07-2025,Bihar,Nawada,805121,81,381,10
01-07-2025,Assam,Nagaon,782125,302,168,12
01-07-2025,Jharkhand,Ranchi,834003,80,50,14
01-07-2025,Gujarat,Gir Somnath,362268,508,167,19
01-07-2025,Gujarat,Banas Kantha,385545,118,221,30
01-07-2025,West Bengal,24 Paraganas North,743271,36,15,10
01-07-2025,Gujarat,Chhotaudepur,391165,194,260,61
01-07-2025,West Bengal,Darjeeling,734003,118,135,33
01-07-2025,Assam,Cachar,788805,232,34,20
01-07-2025,Uttar Pradesh,Azamgarh,276001,243,593,13
01-07-2025,Uttar Pradesh,Lucknow,226004,137,147,13
01-07-2025,West Bengal,24 Paraganas North,743262,65,29,17
01-07-2025,Uttar Pradesh,Moradabad,244411,34,41,11
01-07-2025,Assam,Chirang,783394,54,38,10
01-07-2025,Uttarakhand,Dehradun,248001,1298,323,10
01-07-2025,Madhya Pradesh,Barwani,451556,251,138,10
01-07-2025,Bihar,Muzaffarpur,843109,291,297,13
01-07-2025,West Bengal,24 Paraganas North,743145,77,78,14
01-07-2025,Chhattisgarh,Balrampur,497118,291,148,15
01-07-2025,Gujarat,Dohad,389151,494,743,91
01-07-2025,Haryana,Faridabad,121004,1528,351,27
01-07-2025,Gujarat,Porbandar,360575,323,44,29
01-07-2025,West Bengal,Kolkata,700007,34,60,10
01-07-2025,Bihar,Purbi Champaran,845303,160,552,31
01-07-2025,Uttar Pradesh,Unnao,209861,271,347,15
01-07-2025,Mizoram,Champhai,796321,95,57,20
01-07-2025,Rajasthan,Hanumangarh,335523,456,284,11
01-07-2025,Meghalaya,West Jaintia Hills,793150,150,602,482
01-07-2025,Uttar Pradesh,Balrampur,271604,261,944,15
01-07-2025,Gujarat,Kachchh,370150,37,37,10
01-07-2025,Maharashtra,Thane,421302,1309,905,24
01-07-2025,Uttar Pradesh,Fatehpur,212657,229,205,13
01-07-2025,Maharashtra,Thane,401107,399,469,20
01-07-2025,Madhya Pradesh,Chhatarpur,471318,252,183,10
01-07-2025,Kerala,Kannur,670003,17,38,15
01-07-2025,Uttar Pradesh,Chandauli,232101,365,555,37
01-07-2025,Punjab,Tarn Taran,143401,341,34,11
01-07-2025,Bihar,Gaya,823001,179,677,10
01-07-2025,Karnataka,Bengaluru Urban,560046,54,25,10
01-07-2025,Assam,Tinsukia,786160,68,15,15
01-07-2025,Delhi,South Delhi,110024,56,25,23
01-07-2025,Gujarat,Gir Somnath,362720,324,68,21
01-07-2025,Delhi,New Delhi,110003,131,66,15
01-07-2025,Maharashtra,Pune,413102,305,104,24
01-07-2025,Meghalaya,West Garo Hills,794002,84,434,410
01-07-2025,Maharashtra,Hingoli,431513,680,216,37
01-07-2025,Assam,Cachar,788102,80,50,21
01-07-2025,Madhya Pradesh,Gwalior,474001,761,363,58
01-07-2025,Bihar,Pashchim Champaran,845449,180,482,38
01-07-2025,Assam,Majuli,785104,154,45,11
01-07-2025,West Bengal,Alipurduar,736206,89,80,10
01-07-2025,Gujarat,Banas Kantha,385330,171,265,19
01-07-2025,Chhattisgarh,Sukma,494114,42,90,17
01-07-2025,West Bengal,Darjeeling,734101,57,41,18
01-07-2025,Uttar Pradesh,Bahraich,271855,655,992,112
01-07-2025,Uttar Pradesh,Sitapur,261208,324,355,22
01-07-2025,Gujarat,Surendranagar,363310,335,331,31
01-07-2025,Uttar Pradesh,Varanasi,221101,251,597,18
01-07-2025,Assam,Barpeta,781314,688,155,21
01-07-2025,Uttar Pradesh,Kanpur Dehat,209204,120,187,10
01-07-2025,Punjab,Ludhiana,142026,106,25,20
01-07-2025,Maharashtra,Nashik,423203,1476,1183,41
01-07-2025,Assam,Cachar,788107,220,70,24
01-07-2025,Uttar Pradesh,Fatehpur,212664,199,192,11
01-07-2025,Maharashtra,Dhule,424306,280,181,26
01-07-2025,Maharashtra,Nagpur,440013,248,69,10
01-07-2025,Meghalaya,West Garo Hills,794101,19,49,53
01-07-2025,Gujarat,Devbhumi Dwarka,360590,43,29,17
01-07-2025,Gujarat,Patan,385340,310,275,30
01-07-2025,Assam,Cachar,788005,262,82,20
01-07-2025,West Bengal,Coochbehar,736135,722,623,45
01-07-2025,Gujarat,Dohad,389155,228,446,84
01-07-2025,Gujarat,Arvalli,383325,225,33,11
01-07-2025,Uttar Pradesh,Kheri,262804,703,575,14
01-07-2025,Maharashtra,Buldhana,443201,373,94,31
01-07-2025,Madhya Pradesh,Sagar,470001,478,156,12
01-07-2025,Bihar,Pashchim Champaran,845454,277,720,17
01-07-2025,Karnataka,Bengaluru Urban,560085,147,62,13
01-07-2025,Maharashtra,Pune,411042,221,87,10
01-07-2025,Madhya Pradesh,Bhopal,462001,918,198,17
01-07-2025,Assam,Kamrup,781102,384,88,11
01-07-2025,Gujarat,Jamnagar,361170,77,21,10
01-07-2025,Assam,Dhemaji,787035,25,10,27
01-07-2025,Uttar Pradesh,Etawah,206001,551,456,16
01-07-2025,Assam,Cachar,788098,140,56,18
01-07-2025,Madhya Pradesh,Ashoknagar,473443,389,392,19
01-07-2025,Madhya Pradesh,Sheopur,476335,261,372,14
01-07-2025,Telangana,Hyderabad,500027,104,45,11
01-07-2025,Assam,Jorhat,785630,62,39,41
01-07-2025,Delhi,Central Delhi,110007,285,89,14
01-07-2025,Maharashtra,Pune,412218,58,30,12
01-07-2025,Telangana,Hyderabad,500047,114,40,18
01-07-2025,Karnataka,Bengaluru Urban,560100,217,178,51
01-07-2025,Gujarat,Panch Mahals,389350,132,72,13
01-07-2025,Uttar Pradesh,Lucknow,226005,108,140,19
01-07-2025,Delhi,West Delhi,110018,753,205,32
01-07-2025,Gujarat,Kheda,388255,209,50,14
01-07-2025,Madhya Pradesh,Ashoknagar,473335,259,275,32
01-07-2025,Bihar,Sitamarhi,843314,337,328,11
01-07-2025,Rajasthan,Ajmer,305001,673,241,18
01-07-2025,Rajasthan,Bundi,323022,121,85,17
01-07-2025,Uttar Pradesh,Varanasi,221104,222,499,22
01-07-2025,Assam,Dibrugarh,786007,230,45,13
01-07-2025,Uttar Pradesh,Gorakhpur,273015,182,415,17
01-07-2025,West Bengal,Alipurduar,736207,75,82,12
01-07-2025,Gujarat,Morbi,363650,109,34,14
01-07-2025,Assam,Golaghat,785611,61,42,34
01-07-2025,Maharashtra,Pune,412210,127,57,21
01-07-2025,Assam,Golaghat,785615,52,18,23
01-07-2025,Delhi,North Delhi,110039,279,118,13
01-07-2025,West Bengal,24 Paraganas North,700110,61,74,10
01-07-2025,Karnataka,Mysuru,571104,20,21,57
01-07-2025,Assam,Cachar,788002,230,74,21
01-07-2025,Uttar Pradesh,Sitapur,261202,429,299,17
01-07-2025,Chhattisgarh,Bijapur,494447,146,108,59
01-07-2025,Madhya Pradesh,Balaghat,481001,288,40,10
01-07-2025,Gujarat,Kachchh,370145,40,103,13
01-07-2025,Punjab,Ludhiana,141003,324,175,51
01-07-2025,Madhya Pradesh,Burhanpur,450331,942,585,81
01-07-2025,Gujarat,Dang,394710,223,50,49
01-07-2025,West Bengal,Coochbehar,736131,126,72,11
01-07-2025,Nagaland,Kohima,797001,74,154,11
01-07-2025,Uttar Pradesh,Fatehpur,212601,495,564,40
01-07-2025,Maharashtra,Mumbai Suburban,400053,96,73,10
01-07-2025,Madhya Pradesh,Indore,452010,751,321,13
01-07-2025,West Bengal,Kolkata,700016,64,93,15
01-07-2025,Andhra Pradesh,Spsr Nellore,524413,29,22,14
01-07-2025,West Bengal,Dinajpur Uttar,733210,1734,979,14
01-07-2025,Telangana,Hyderabad,500056,98,35,10
01-07-2025,Gujarat,Vadodara,391440,196,30,20
01-07-2025,Assam,Dhemaji,787057,224,89,82
01-07-2025,Gujarat,Rajkot,360311,382,131,16
01-07-2025,Uttar Pradesh,Kaushambi,212202,171,216,10
01-07-2025,Telangana,Hyderabad,500008,880,362,15
01-07-2025,Maharashtra,Latur,413517,566,225,28
01-07-2025,Uttar Pradesh,Aligarh,202002,398,461,14
01-07-2025,Uttar Pradesh,Aligarh,262907,133,198,12
01-07-2025,Jharkhand,Ranchi,834002,159,135,23
01-07-2025,Assam,Kamrup Metro,781005,12,49,21
01-07-2025,Gujarat,Anand,388180,99,33,22
01-07-2025,Assam,Barpeta,781305,235,64,21
01-07-2025,Rajasthan,Jodhpur,342001,1292,457,46
01-07-2025,Karnataka,Bengaluru Urban,560045,446,165,24
01-07-2025,Nagaland,Kiphire,798611,46,233,26
01-07-2025,Assam,Dhubri,783337,337,117,15
01-07-2025,Maharashtra,Nashik,422209,167,35,13
01-07-2025,Bihar,Jehanabad,804418,27,219,10
01-07-2025,Rajasthan,Churu,331001,305,196,10
01-07-2025,Madhya Pradesh,Burhanpur,450332,392,310,11
01-07-2025,Bihar,Muzaffarpur,843125,294,335,14
01-07-2025,Meghalaya,East Khasi Hills,793004,36,72,20
01-07-2025,Karnataka,Bengaluru Urban,560016,208,90,64
01-07-2025,Haryana,Faridabad,121001,656,170,15
01-07-2025,Uttar Pradesh,Shahjahanpur,242001,1423,1167,33
01-07-2025,Rajasthan,Sirohi,307026,495,667,38
01-07-2025,Uttar Pradesh,Kanpur Nagar,209206,235,489,18
01-07-2025,Rajasthan,Alwar,301001,1098,512,19
01-07-2025,West Bengal,Dinajpur Dakshin,733124,404,154,16
01-07-2025,Gujarat,Rajkot,363520,216,427,18
01-07-2025,Assam,Tinsukia,786153,22,22,25
01-07-2025,Uttar Pradesh,Gorakhpur,273402,253,391,14
01-07-2025,West Bengal,24 Paraganas North,743248,84,68,14
01-07-2025,Assam,Chirang,783390,684,107,18
01-07-2025,Gujarat,Surat,394210,731,536,22
01-07-2025,Uttar Pradesh,Bahraich,271870,153,235,11
01-07-2025,Assam,Jorhat,785107,40,16,14
01-07-2025,Bihar,Sitamarhi,843324,600,678,216
01-07-2025,Bihar,Kaimur (Bhabua),821108,264,420,10
01-07-2025,Maharashtra,Thane,400612,723,690,15
01-07-2025,Bihar,Bhagalpur,813213,184,358,15
01-07-2025,Gujarat,Anand,388001,167,59,29
01-07-2025,Madhya Pradesh,Alirajpur,457887,103,124,17
01-07-2025,Madhya Pradesh,Alirajpur,457990,180,310,39
01-07-2025,Maharashtra,Nandurbar,425409,481,176,24
01-07-2025,Gujarat,Chhotaudepur,391152,36,42,12
01-07-2025,Meghalaya,South West Khasi Hills,793106,29,91,101
01-07-2025,Meghalaya,South Garo Hills,794107,15,38,36
01-07-2025,Gujarat,Rajkot,360001,226,120,16
01-07-2025,Gujarat,Banas Kantha,385535,742,892,69
01-07-2025,Bihar,Muzaffarpur,843111,307,585,13
01-07-2025,Madhya Pradesh,Khargone,451111,146,68,11
01-07-2025,Bihar,Gaya,824231,133,464,16
01-07-2025,Bihar,Gopalganj,841427,171,373,11
01-07-2025,Gujarat,Chhotaudepur,391125,85,39,11
01-07-2025,West Bengal,Nadia,741126,295,80,15
01-07-2025,Uttar Pradesh,Gorakhpur,273016,139,308,11
01-07-2025,Uttar Pradesh,Kanpur Dehat,209306,193,385,13
01-07-2025,Uttar Pradesh,Unnao,241503,339,354,10
01-07-2025,Assam,Kamrup,781381,72,15,15
01-07-2025,Meghalaya,West Garo Hills,794105,194,243,220
01-07-2025,Assam,Karimganj,788728,75,119,14
01-07-2025,Karnataka,Bengaluru Urban,560075,49,57,23
01-07-2025,Meghalaya,East Khasi Hills,793112,27,83,54
01-07-2025,Madhya Pradesh,Khargone,451115,306,213,14
01-07-2025,West Bengal,Dinajpur Uttar,733129,202,166,69
01-07-2025,West Bengal,Kolkata,700004,23,24,52
01-07-2025,Assam,Cachar,788001,122,55,13
01-07-2025,Uttar Pradesh,Sitapur,261303,452,314,22
01-07-2025,Madhya Pradesh,Khargone,451228,270,103,15
01-07-2025,Madhya Pradesh,East Nimar,450661,189,254,15
01-07-2025,Chhattisgarh,Durg,491001,385,94,16
01-07-2025,Karnataka,Bengaluru Urban,560038,48,25,30
01-07-2025,Karnataka,Bengaluru Urban,560102,80,70,57
01-07-2025,Uttar Pradesh,Kanpur Dehat,209302,309,288,12
01-07-2025,The Dadra And Nagar Haveli And Daman And Diu,Dadra And Nagar Haveli,396230,360,92,15
01-07-2025,Gujarat,Banas Kantha,385421,140,63,11
01-07-2025,Assam,Golaghat,785601,132,114,120
01-07-2025,Uttar Pradesh,Maharajganj,273157,182,397,11
01-07-2025,West Bengal,Dinajpur Uttar,733134,573,206,21
01-07-2025,Kerala,Thiruvananthapuram,695005,17,23,10
01-07-2025,Telangana,Bhadradri Kothagudem,507115,251,54,12
01-07-2025,Gujarat,Morbi,363642,240,91,47
01-07-2025,Delhi,West Delhi,110059,1538,640,122
01-07-2025,Uttar Pradesh,Muzaffarnagar,251001,634,429,21
01-07-2025,Bihar,Arwal,824235,60,432,13
01-07-2025,Uttar Pradesh,Bahraich,271825,194,260,25
01-07-2025,Meghalaya,West Garo Hills,794001,28,111,42
01-07-2025,Bihar,Sitamarhi,843315,142,250,18
01-07-2025,Uttar Pradesh,Fatehpur,212635,233,192,11
01-07-2025,Mizoram,Saiha,796901,87,48,18
01-07-2025,Gujarat,Botad,363421,170,78,16
01-07-2025,Telangana,Hyderabad,500040,139,52,12
01-07-2025,Maharashtra,Mumbai,400013,59,15,15
01-07-2025,Assam,Barpeta,781302,167,42,32
01-07-2025,Gujarat,Anand,388625,49,13,11
01-07-2025,Assam,Jorhat,785010,24,15,26
01-07-2025,Karnataka,Bengaluru Urban,560027,60,37,15
01-07-2025,Bihar,Purbi Champaran,845401,323,811,13
01-07-2025,Meghalaya,East Khasi Hills,793108,34,144,87
01-07-2025,Uttar Pradesh,Kanpur Nagar,208001,728,900,31
01-07-2025,Gujarat,Dohad,389170,327,727,34
01-07-2025,Assam,Kamrup Metro,781019,17,28,10
01-07-2025,Assam,Nagaon,782122,395,205,10
01-07-2025,Uttar Pradesh,Aligarh,202129,154,186,11
01-07-2025,Uttar Pradesh,Ghaziabad,201102,1140,1286,32
01-07-2025,Uttar Pradesh,Gorakhpur,273412,213,275,15
01-07-2025,Karnataka,Bengaluru Urban,560043,228,202,116
01-07-2025,Madhya Pradesh,Chhatarpur,471311,273,215,14
01-07-2025,Telangana,Hyderabad,500084,180,77,23
01-07-2025,Madhya Pradesh,Khargone,451441,403,397,50
01-07-2025,Assam,Golaghat,785621,103,94,57
01-07-2025,Assam,Golaghat,785619,34,26,12
01-07-2025,Meghalaya,West Garo Hills,794109,49,78,108
01-07-2025,Maharashtra,Osmanabad,413606,275,105,10
01-07-2025,Rajasthan,Bhilwara,311605,179,126,12
01-07-2025,Assam,Golaghat,785702,102,110,93
01-07-2025,Meghalaya,Ri Bhoi,793102,81,430,320
01-07-2025,Maharashtra,Pune,411052,87,17,10
01-07-2025,Madhya Pradesh,Bhind,477116,225,195,32
01-07-2025,Jharkhand,Dhanbad,828113,121,160,11
01-07-2025,Uttar Pradesh,Kasganj,207243,435,660,15
01-07-2025,Gujarat,Patan,384265,289,171,49
01-07-2025,Delhi,West Delhi,110041,961,317,11
01-07-2025,Gujarat,Surat,395010,863,540,21
01-07-2025,Gujarat,Sabar Kantha,383270,168,417,37
01-07-2025,Uttar Pradesh,Mainpuri,205001,586,672,35
01-07-2025,Gujarat,Banas Kantha,385320,341,532,25
01-07-2025,Meghalaya,East Khasi Hills,793113,62,196,104
01-07-2025,Uttar Pradesh,Budaun,243601,648,694,24
01-07-2025,Madhya Pradesh,Bhind,477446,50,75,17
01-07-2025,Gujarat,Rajkot,363440,119,169,16
01-07-2025,Madhya Pradesh,Bhind,477555,112,102,12
01-07-2025,Maharashtra,Pune,412308,181,85,20
01-07-2025,Uttar Pradesh,Meerut,250002,1201,888,16
01-07-2025,Maharashtra,Beed,431122,801,343,35
01-07-2025,West Bengal,Coochbehar,735210,150,289,12
01-07-2025,Rajasthan,Jaipur,302004,281,131,18
01-07-2025,Chhattisgarh,Gaurella Pendra Marwahi,495117,220,105,27
01-07-2025,Maharashtra,Nashik,422303,82,33,13
01-07-2025,Jammu And Kashmir,Shopian,192303,308,84,20
01-07-2025,Maharashtra,Mumbai Suburban,400050,88,49,24
01-07-2025,Gujarat,Arvalli,383315,251,70,11
01-07-2025,West Bengal,Darjeeling,734429,117,133,13
01-07-2025,West Bengal,Nadia,741223,82,60,28
01-07-2025,Uttar Pradesh,Gautam Buddha Nagar,201301,837,873,86
01-07-2025,Assam,Dhemaji,787060,256,111,66
01-07-2025,Rajasthan,Jodhpur,342012,39,25,10
01-07-2025,Maharashtra,Mumbai Suburban,400078,296,173,14
01-07-2025,Uttar Pradesh,Kanpur Dehat,209301,181,200,13
01-07-2025,Maharashtra,Pune,411021,110,55,11
01-07-2025,Karnataka,Bengaluru Urban,560091,305,91,12
01-07-2025,Gujarat,Ahmadabad,382350,471,267,16
01-07-2025,Madhya Pradesh,Sehore,466001,557,132,13
01-07-2025,Assam,Dibrugarh,786610,113,40,36
01-07-2025,Nagaland,Dimapur,797103,44,104,10
01-07-2025,Uttar Pradesh,Moradabad,244001,2688,1254,23
01-07-2025,Karnataka,Bengaluru Urban,560036,188,111,46
01-07-2025,Bihar,Saharsa,852127,259,327,18
01-07-2025,Maharashtra,Mumbai,400026,28,10,12
01-07-2025,Uttar Pradesh,Shahjahanpur,242303,409,433,12
01-07-2025,Karnataka,Bengaluru Rural,562110,139,22,13
01-07-2025,Assam,Golaghat,785602,78,36,69
01-07-2025,Assam,Dima Hasao,788819,83,51,14
01-07-2025,Bihar,Purbi Champaran,845418,371,649,21
01-07-2025,Gujarat,Sabar Kantha,383430,90,33,13
01-07-2025,Gujarat,Rajkot,360022,86,45,16
01-07-2025,Uttar Pradesh,Gonda,271401,99,210,15
01-07-2025,Rajasthan,Bhilwara,311804,298,206,10
01-07-2025,Bihar,Sitamarhi,843302,877,931,43
01-07-2025,Bihar,Purbi Champaran,845433,220,623,43
01-07-2025,West Bengal,Dinajpur Dakshin,733125,303,102,18
01-07-2025,Maharashtra,Jalgaon,425001,644,213,33
01-07-2025,Rajasthan,Bharatpur,321001,899,484,10
01-07-2025,Uttar Pradesh,Ghaziabad,245304,387,401,17
01-07-2025,Assam,Goalpara,783132,316,82,18
01-07-2025,Uttar Pradesh,Kannauj,209731,138,203,11
01-07-2025,Maharashtra,Sangli,416410,356,196,12
01-07-2025,Assam,Chirang,783373,60,45,11
01-07-2025,Madhya Pradesh,Khargone,451335,114,90,15
01-07-2025,Karnataka,Bengaluru Urban,560005,89,46,15
01-07-2025,Maharashtra,Nanded,431802,346,66,12
01-07-2025,Rajasthan,Sirohi,307022,507,526,18
01-07-2025,Telangana,Hyderabad,500064,636,190,14
01-07-2025,Assam,Tinsukia,786154,53,30,56
01-07-2025,Meghalaya,East Khasi Hills,793001,38,161,73
01-07-2025,Assam,Kamrup,781101,123,36,11
01-07-2025,Punjab,Ludhiana,141014,61,92,13
01-07-2025,Bihar,Sitamarhi,843317,160,383,69
01-07-2025,Karnataka,Bengaluru Urban,560084,96,51,19
01-07-2025,Bihar,Pashchim Champaran,845106,261,539,18
01-07-2025,Bihar,Purbi Champaran,845301,256,683,98
01-07-2025,Uttar Pradesh,Kheri,262903,143,290,14
01-07-2025,Rajasthan,Bikaner,334001,763,452,30
01-07-2025,Assam,Kamrup,781129,32,14,10
01-07-2025,Delhi,New Delhi,110070,106,71,20
01-07-2025,West Bengal,Nadia,741404,259,72,10
01-07-2025,West Bengal,Dinajpur Uttar,733201,786,350,16
01-07-2025,Madhya Pradesh,Sagar,470117,141,53,17
01-07-2025,Madhya Pradesh,Barwani,451881,129,107,14
01-07-2025,Jharkhand,Dhanbad,828201,173,158,11
01-07-2025,Uttar Pradesh,Kannauj,209722,287,425,18
01-07-2025,Karnataka,Bengaluru Urban,560034,37,28,19
01-07-2025,Maharashtra,Mumbai Suburban,400070,331,260,14
01-07-2025,Delhi,North Delhi,110040,284,191,16
01-07-2025,Gujarat,Surendra Nagar,382775,137,104,10
01-07-2025,Maharashtra,Nanded,431804,236,135,10
01-07-2025,Assam,Barpeta,781308,691,213,48
01-07-2025,Gujarat,Surendra Nagar,382750,113,68,11
01-07-2025,Nagaland,Tuensang,798612,71,177,15
01-07-2025,Gujarat,Sabar Kantha,383215,59,25,10
01-07-2025,Bihar,Nawada,805110,125,496,20
01-07-2025,Jharkhand,Ranchi,834005,68,81,16
01-07-2025,Uttar Pradesh,Agra,283201,359,204,13
01-07-2025,Delhi,Shahdara,110032,545,239,15
01-07-2025,Delhi,New Delhi,110037,173,109,22
01-07-2025,Bihar,Nawada,805109,89,527,12
01-07-2025,Gujarat,Jamnagar,360490,177,29,10
01-07-2025,Gujarat,Patan,384151,288,107,22
01-07-2025,Madhya Pradesh,Gwalior,474005,136,97,10
01-07-2025,Assam,Hailakandi,788161,277,88,20
01-07-2025,Uttar Pradesh,Hardoi,241001,1552,1434,20
01-07-2025,Assam,Jorhat,785635,74,33,87
01-07-2025,Maharashtra,Thane,421301,678,338,10
01-07-2025,Madhya Pradesh,Khargone,451221,184,98,10
01-07-2025,Assam,Kamrup,781123,160,35,15
01-07-2025,Maharashtra,Nandurbar,425414,563,414,24
01-07-2025,Bihar,Purbi Champaran,845305,275,555,142
01-07-2025,Chhattisgarh,Balrampur,497119,244,111,15
01-07-2025,Madhya Pradesh,Khargone,451001,402,147,32
01-07-2025,Assam,Tinsukia,786170,110,75,30
01-07-2025,Assam,Tinsukia,786181,90,71,13
01-07-2025,Karnataka,Bengaluru Urban,560097,159,64,24
01-07-2025,Bihar,Pashchim Champaran,845450,148,338,12
01-07-2025,West Bengal,Birbhum,731204,157,77,24
01-07-2025,Meghalaya,East Jaintia Hills,793160,108,228,182
01-07-2025,Bihar,Sitamarhi,843313,178,225,14
01-07-2025,Delhi,West Delhi,110015,304,107,12
01-07-2025,West Bengal,Kolkata,700006,54,73,22
01-07-2025,West Bengal,Kolkata,700023,102,157,32
01-07-2025,Uttar Pradesh,Saharanpur,247001,2054,852,14
01-07-2025,Maharashtra,Beed,431127,294,248,15
01-07-2025,Jharkhand,Chatra,825103,330,161,10
01-07-2025,Maharashtra,Palghar,401208,324,480,12
01-07-2025,Gujarat,Valsad,396065,581,261,30
01-07-2025,Uttar Pradesh,Varanasi,221109,55,82,10
01-07-2025,Jharkhand,East Singhbum,832105,105,83,17
01-07-2025,Uttar Pradesh,Bahraich,271875,420,327,18
01-07-2025,Uttar Pradesh,Gonda,271503,298,236,14
01-07-2025,Uttar Pradesh,Aligarh,202001,1436,1351,58
01-07-2025,Assam,Dhemaji,787058,211,55,13
01-07-2025,Telangana,Medchal Malkajgiri,500090,250,146,10
01-07-2025,West Bengal,24 Paraganas North,700121,80,64,14
01-07-2025,Delhi,West Delhi,110027,243,95,12
01-07-2025,Madhya Pradesh,Bhind,477227,110,76,12
01-07-2025,Uttar Pradesh,Sitapur,261201,976,827,22
01-07-2025,Gujarat,Panch Mahals,389341,140,82,17
01-07-2025,Uttar Pradesh,Azamgarh,276403,168,448,16
01-07-2025,Rajasthan,Jaipur,302003,339,178,10
01-07-2025,Assam,Dibrugarh,786602,87,53,30
01-07-2025,Madhya Pradesh,Narsinghpur,487118,312,189,13
01-07-2025,Madhya Pradesh,Bhind,477222,146,133,10
01-07-2025,Madhya Pradesh,Morena,476444,143,200,29
01-07-2025,Assam,Goalpara,783126,202,99,14
01-07-2025,Punjab,Hoshiarpur,146001,277,66,22
01-07-2025,Gujarat,Surat,395006,610,303,16
01-07-2025,Chhattisgarh,Bilaspur,495551,1156,309,11
01-07-2025,Madhya Pradesh,Sheopur,476337,496,597,13
01-07-2025,Maharashtra,Nashik,422103,278,129,13
01-07-2025,Gujarat,Patan,384272,31,48,13
01-07-2025,Rajasthan,Udaipur,313001,511,323,21
01-07-2025,Mizoram,Kolasib,796081,44,21,20
01-07-2025,Madhya Pradesh,Jabalpur,482002,361,87,14
01-07-2025,Rajasthan,Dholpur,328021,467,247,13
01-07-2025,Karnataka,Bengaluru Urban,560066,152,142,92
01-07-2025,Uttar Pradesh,Hapur,245101,1010,770,11
01-07-2025,Meghalaya,East Jaintia Hills,793200,92,343,334
01-07-2025,West Bengal,24 Paraganas North,743251,119,44,15
01-07-2025,Assam,Sivasagar,785684,49,14,28
01-07-2025,Rajasthan,Sawai Madhopur,322201,593,307,10
01-07-2025,West Bengal,24 Paraganas North,700162,10,15,12
01-07-2025,Uttar Pradesh,Kanpur Nagar,208017,111,199,11
01-07-2025,Tripura,North Tripura,799271,124,75,17
01-07-2025,Jharkhand,East Singhbum,831011,71,30,10
01-07-2025,Rajasthan,Baran,325220,336,91,10
01-07-2025,Gujarat,Ahmadabad,382150,218,151,19
01-07-2025,Uttar Pradesh,Balrampur,271208,113,546,33
01-07-2025,Rajasthan,Churu,331403,424,569,29
01-07-2025,Maharashtra,Yavatmal,445205,197,75,11
01-07-2025,Gujarat,Surendranagar,363530,171,200,28
01-07-2025,Meghalaya,East Khasi Hills,793003,13,50,11
01-07-2025,Gujarat,Ahmadabad,382345,281,145,12
01-07-2025,Rajasthan,Alwar,301411,739,367,22
01-07-2025,Maharashtra,Solapur,413109,101,56,10
01-07-2025,Uttar Pradesh,Unnao,209801,798,1186,24
01-07-2025,Bihar,Nawada,805104,111,506,20
01-07-2025,West Bengal,Darjeeling,734014,85,77,20
01-07-2025,Gujarat,Kachchh,370165,155,316,17
01-07-2025,Gujarat,Kachchh,370140,74,73,23
01-07-2025,Assam,Tinsukia,786151,200,159,153
01-07-2025,Karnataka,Bengaluru Urban,560029,127,74,20
01-07-2025,Madhya Pradesh,Gwalior,474010,227,161,14
01-07-2025,Bihar,Sitamarhi,843320,320,244,11
01-07-2025,Gujarat,Mahesana,384001,235,71,18
01-07-2025,Nagaland,Longleng,798625,47,284,20
01-07-2025,West Bengal,Alipurduar,736204,123,186,12
01-07-2025,Uttar Pradesh,Varanasi,221011,153,238,41
01-07-2025,Uttar Pradesh,Gonda,271502,176,218,23
01-07-2025,Uttar Pradesh,Jaunpur,222139,153,492,27
01-07-2025,Bihar,Purnia,854303,238,164,11
01-07-2025,Uttar Pradesh,Maharajganj,273303,180,633,10
01-07-2025,Gujarat,Panch Mahals,389365,65,58,36
01-07-2025,Gujarat,Ahmadabad,382230,94,80,13
01-07-2025,Haryana,Gurugram,122103,319,63,10
01-07-2025,Assam,Karimganj,788712,126,131,19
01-07-2025,Nagaland,Dimapur,797112,153,259,60
01-07-2025,Uttar Pradesh,Kushi Nagar,274304,779,777,14
01-07-2025,Bihar,Madhubani,847226,332,371,14
01-07-2025,Gujarat,Bhavnagar,364230,43,21,12
01-07-2025,Uttar Pradesh,Bahraich,271882,175,253,12
01-07-2025,Maharashtra,Ahmednagar,413705,90,94,12
01-07-2025,Bihar,Madhubani,847225,256,263,11
01-07-2025,Assam,Karimganj,788710,34,20,13
01-07-2025,Uttar Pradesh,Siddharth Nagar,272208,222,368,14
01-07-2025,Bihar,Saran,841403,197,584,30
01-07-2025,Assam,Marigaon,782126,306,178,15
01-07-2025,Uttar Pradesh,Sitapur,261301,288,176,15
01-07-2025,Gujarat,Patan,384245,276,124,23
01-07-2025,Uttar Pradesh,Azamgarh,276125,58,166,10
01-07-2025,Assam,Karimganj,788701,528,175,13
01-07-2025,Rajasthan,Nagaur,341001,870,660,21
01-07-2025,Gujarat,Banas Kantha,385575,197,214,17
01-07-2025,Assam,Cachar,788126,188,59,12
01-07-2025,Andhra Pradesh,Prakasam,523105,91,108,38
01-07-2025,Uttar Pradesh,Siddharth Nagar,272205,262,431,28
01-07-2025,Uttar Pradesh,Varanasi,221001,465,816,83
01-07-2025,Maharashtra,Mumbai Suburban,400080,138,55,11
01-07-2025,Karnataka,Bengaluru Rural,560060,191,73,17
01-07-2025,Tamil Nadu,Chengalpattu,603204,117,36,15
01-07-2025,West Bengal,24 Paraganas North,700125,201,90,28
01-07-2025,Maharashtra,Raigad,410206,845,296,25
01-07-2025,Nagaland,Mon,798603,141,455,40
01-07-2025,Bihar,Pashchim Champaran,845452,306,638,26
01-07-2025,Maharashtra,Yavatmal,445215,272,133,14
01-07-2025,Gujarat,Patan,384240,138,78,27
01-07-2025,Gujarat,Ahmadabad,380018,74,32,11
01-07-2025,Gujarat,Bhavnagar,364002,222,40,11
01-07-2025,Assam,Marigaon,782127,703,185,12
01-07-2025,West Bengal,Alipurduar,735204,32,149,18
01-07-2025,Gujarat,Bhavnagar,364240,176,43,19
01-07-2025,Gujarat,Rajkot,360005,219,118,19
01-07-2025,Assam,Cachar,788009,229,64,22
01-07-2025,Karnataka,Bengaluru Urban,560024,44,26,21
01-07-2025,Assam,Jorhat,785634,83,52,38
01-07-2025,Uttar Pradesh,Deoria,274509,130,240,11
01-07-2025,Assam,Golaghat,785622,15,18,11
01-07-2025,Madhya Pradesh,Barwani,451660,247,134,12
01-07-2025,Madhya Pradesh,Sehore,466331,594,364,13
01-07-2025,Delhi,Central Delhi,110005,200,80,17
01-07-2025,Assam,Dibrugarh,786184,228,32,41
01-07-2025,Uttarakhand,Haridwar,247667,565,156,11
01-07-2025,Chhattisgarh,Sukma,494122,109,88,17
01-07-2025,Maharashtra,Pune,411046,275,147,13
01-07-2025,Uttar Pradesh,Kasganj,207242,612,508,18
01-07-2025,Assam,Tinsukia,786188,21,34,16
01-07-2025,Uttar Pradesh,Agra,282001,1033,905,19
01-07-2025,Andhra Pradesh,Spsr Nellore,524223,43,27,11
01-07-2025,Assam,Golaghat,785610,19,27,14
01-07-2025,Gujarat,Banas Kantha,385310,382,699,84
01-07-2025,Gujarat,Jamnagar,361006,199,55,15
01-07-2025,Tamil Nadu,Chennai,600028,86,33,11
01-07-2025,Madhya Pradesh,Barwani,451770,334,377,25
01-07-2025,Uttar Pradesh,Sitapur,261205,713,702,37
01-07-2025,Karnataka,Bengaluru Urban,560062,220,101,22
01-07-2025,Uttar Pradesh,Shravasti,271803,116,337,25
01-07-2025,Uttar Pradesh,Shahjahanpur,242127,468,735,38
01-07-2025,Bihar,Lakhisarai,811302,157,244,14
01-07-2025,Maharashtra,Beed,414203,163,62,12
01-07-2025,Uttar Pradesh,Baghpat,250101,118,280,15
01-07-2025,Karnataka,Bengaluru Urban,562125,149,81,25
01-07-2025,Assam,Jorhat,785112,39,18,35
01-07-2025,Assam,Golaghat,785614,207,104,60
01-07-2025,Meghalaya,South West Garo Hills,794115,203,195,138
01-07-2025,Rajasthan,Chittorgarh,312601,314,212,13
01-07-2025,Kerala,Ernakulam,682006,58,62,16
01-07-2025,West Bengal,Alipurduar,736121,196,163,17
01-07-2025,West Bengal,24 Paraganas North,743423,356,131,45
01-07-2025,Gujarat,Dohad,389152,156,301,33
01-07-2025,West Bengal,Coochbehar,736145,243,192,16
01-07-2025,West Bengal,24 Paraganas North,700129,26,32,18
01-07-2025,Uttar Pradesh,Varanasi,221002,267,406,12
01-07-2025,Uttar Pradesh,Bareilly,243201,610,385,11
01-07-2025,Delhi,South Delhi,110048,50,17,16
01-07-2025,Maharashtra,Aurangabad,431001,2262,1549,24
01-07-2025,Uttar Pradesh,Lucknow,226010,182,212,11
01-07-2025,Bihar,Bhojpur,802301,184,626,13
01-07-2025,Maharashtra,Pune,411058,79,28,10
01-07-2025,Gujarat,Banas Kantha,385566,305,257,25
01-07-2025,Uttar Pradesh,Kaushambi,212201,412,293,11
01-07-2025,Delhi,Central Delhi,110055,185,126,10
01-07-2025,West Bengal,24 Paraganas North,700102,76,67,14
01-07-2025,Madhya Pradesh,Hoshangabad,461990,179,90,12
01-07-2025,Uttar Pradesh,Sitapur,261204,372,370,16
01-07-2025,Maharashtra,Pune,411006,171,67,13
01-07-2025,Assam,Cachar,782448,89,100,146
01-07-2025,Assam,Tinsukia,786190,50,27,25
01-07-2025,Assam,Karimganj,788725,126,59,27
01-07-2025,Assam,Kokrajhar,783370,252,150,108
01-07-2025,Haryana,Faridabad,121003,494,212,12
01-07-2025,West Bengal,Coochbehar,736167,335,366,10
01-07-2025,Assam,Dhemaji,787026,78,14,48
01-07-2025,Gujarat,Botad,364710,460,89,18
01-07-2025,Jammu And Kashmir,Doda,182203,261,260,17
01-07-2025,Gujarat,Ahmadabad,380058,174,91,15
01-07-2025,Maharashtra,Pune,413106,111,38,11
01-07-2025,Gujarat,Amreli,365560,201,74,23
01-07-2025,Meghalaya,East Khasi Hills,793019,25,77,35
01-07-2025,Karnataka,Bengaluru Urban,560047,158,67,15
01-07-2025,Madhya Pradesh,Vidisha,464221,683,414,37
01-07-2025,West Bengal,Dinajpur Uttar,733202,760,680,24
01-07-2025,Karnataka,Mysuru,570023,68,17,12
01-07-2025,Chhattisgarh,Raigarh,496001,898,82,13
01-07-2025,Gujarat,Mahesana,384315,164,48,17
01-07-2025,West Bengal,Medinipur West,721301,280,233,10
01-07-2025,Delhi,North East Delhi,110053,1042,554,12
01-07-2025,Rajasthan,Jaipur,302016,267,176,15
01-07-2025,West Bengal,Jalpaiguri,735225,16,48,11
01-07-2025,Bihar,Gopalganj,841409,164,411,10
01-07-2025,West Bengal,Coochbehar,735224,120,100,14
01-07-2025,Gujarat,Kachchh,370155,175,237,16
01-07-2025,Bihar,Gopalganj,841405,211,453,17
01-07-2025,Madhya Pradesh,Chhatarpur,471313,292,310,17
01-07-2025,Madhya Pradesh,Bhind,477447,67,120,10
01-07-2025,Meghalaya,West Garo Hills,794005,49,282,185
01-07-2025,Maharashtra,Palghar,421303,260,127,14
01-07-2025,Assam,Golaghat,785609,16,15,17
01-07-2025,Bihar,Madhubani,847108,176,329,38
01-07-2025,Nagaland,Mokokchung,798601,73,134,13
01-07-2025,Maharashtra,Chandrapur,442401,306,86,11
01-07-2025,Madhya Pradesh,Indore,452015,343,138,10
01-07-2025,West Bengal,Birbhum,731234,418,82,11
01-07-2025,Bihar,Madhubani,847421,94,218,39
01-07-2025,Jharkhand,East Singhbum,831012,215,133,14
01-07-2025,Uttar Pradesh,Etah,207249,332,323,11
01-07-2025,Uttar Pradesh,Meerut,250342,314,223,17
01-07-2025,Karnataka,Bengaluru Urban,560078,339,172,36
01-07-2025,West Bengal,24 Paraganas North,743329,718,688,12
01-07-2025,Gujarat,Sabar Kantha,383220,120,32,12
01-07-2025,Maharashtra,Sangli,416404,294,151,12
01-07-2025,Madhya Pradesh,Barwani,451447,417,392,37
01-07-2025,Uttar Pradesh,Rampur,244921,514,457,14
01-07-2025,Kerala,Ernakulam,682030,29,49,10
01-07-2025,Uttar Pradesh,Budaun,243638,623,546,19
01-07-2025,West Bengal,Nadia,741502,157,74,32
01-07-2025,West Bengal,Darjeeling,734201,20,58,15
01-07-2025,Tripura,Gomati,799114,69,45,10
01-07-2025,Gujarat,Ahmadabad,382240,50,36,14
01-07-2025,Assam,Dibrugarh,786612,28,17,49
01-07-2025,Uttar Pradesh,Agra,282006,539,511,12
01-07-2025,Gujarat,Panch Mahals,389360,63,31,10
01-07-2025,Uttar Pradesh,Gonda,271001,252,345,13
01-07-2025,Meghalaya,East Khasi Hills,793002,50,111,63
01-07-2025,Assam,Kamrup,781137,491,113,18
01-07-2025,Maharashtra,Washim,444505,378,68,11
01-07-2025,Assam,Barpeta,781309,412,104,15
01-07-2025,Bihar,Purnia,854204,361,609,13
01-07-2025,Madhya Pradesh,Gwalior,474006,532,336,31
01-07-2025,West Bengal,24 Paraganas North,743245,39,46,15
01-07-2025,Gujarat,Mahisagar,389260,177,49,23
01-07-2025,Assam,Cachar,788112,110,40,10
01-07-2025,Maharashtra,Nandurbar,425412,643,209,11
01-07-2025,Madhya Pradesh,Betul,460001,456,82,19
01-07-2025,Assam,Cachar,788113,124,57,13
01-07-2025,Gujarat,Vadodara,391770,60,36,14
01-07-2025,Bihar,Saran,841211,69,412,10
01-07-2025,Uttar Pradesh,Pilibhit,262001,1059,500,19
01-07-2025,Jharkhand,Dhanbad,828109,488,404,12
01-07-2025,Assam,Barpeta,783101,708,151,13
01-07-2025,Uttar Pradesh,Etah,207122,154,134,12
01-07-2025,Maharashtra,Mumbai Suburban,400051,172,112,14
01-07-2025,Telangana,Hyderabad,500002,392,130,15
01-07-2025,Uttar Pradesh,Gorakhpur,273008,79,151,28
01-07-2025,Gujarat,Anand,388540,166,11,16
01-07-2025,Madhya Pradesh,Burhanpur,450221,255,167,41
01-07-2025,Uttar Pradesh,Sultanpur,228001,328,405,30
01-07-2025,Madhya Pradesh,Burhanpur,450445,117,62,13
01-07-2025,Assam,Jorhat,785680,59,15,17
01-07-2025,Assam,Goalpara,783130,163,52,16
01-07-2025,Meghalaya,East Khasi Hills,793121,102,599,430
01-07-2025,Gujarat,Patan,384285,143,170,28
01-07-2025,Uttar Pradesh,Bahraich,271902,179,522,34
01-07-2025,Madhya Pradesh,Bhind,477111,117,155,13
01-07-2025,Assam,Tinsukia,786152,81,58,61
01-07-2025,Gujarat,Chhotaudepur,391168,53,69,24
01-07-2025,Jharkhand,East Singhbhum,832110,180,100,13
01-07-2025,Kerala,Thiruvananthapuram,695011,27,34,18
01-07-2025,Gujarat,Anand,388620,155,22,13
01-07-2025,Assam,Kamrup,781135,87,19,10
01-07-2025,Assam,Golaghat,785699,37,20,11
01-07-2025,Punjab,Ludhiana,141007,418,214,36
01-07-2025,Assam,Cachar,788011,56,23,10
01-07-2025,Assam,Baksa,781372,69,50,28
01-07-2025,Maharashtra,Yavatmal,445204,389,197,14
01-07-2025,Maharashtra,Buldhana,444301,98,24,12
01-07-2025,Jharkhand,Ranchi,834001,290,241,25
01-07-2025,Uttar Pradesh,Etah,207001,1306,930,15
01-07-2025,West Bengal,Nadia,741313,32,20,26
01-07-2025,Rajasthan,Jaipur,302020,255,146,10
01-07-2025,Maharashtra,Pune,411041,245,103,18
01-07-2025,Assam,Kokrajhar,783369,32,23,11
